year,state,label,orders,delivered,sales_orders,sales_cents,eligible,late,days_sum,review_sum,reviewed
2016,AL,auto,1,1,1,4999,1,0,33.06432870356366,4.0,1
2016,AL,computers_accessories,1,0,0,0,0,0,0,0,0
2016,BA,fashion_bags_accessories,1,1,1,5490,1,0,31.1638194443658,4.0,1
2016,BA,housewares,1,1,1,16999,1,0,22.85665509244427,4.0,1
2016,BA,telephony,1,1,1,1999,1,0,8.31951388856396,5.0,1
2016,BA,watches_gifts,1,0,0,0,0,0,0,0,0
2016,CE,auto,1,1,1,49999,1,0,70.21361111104488,5.0,1
2016,CE,consoles_games,1,1,1,62990,1,0,18.91836805548519,5.0,1
2016,CE,furniture_decor,1,1,1,11999,1,0,19.00197916664183,5.0,1
2016,CE,health_beauty,2,1,1,9000,1,0,21.708564814645797,5.0,1
2016,CE,perfumery,2,2,2,30980,2,0,33.55394675955176,9.0,2
2016,DF,computers_accessories,1,1,1,3500,1,0,10.895196759141982,1.0,1
2016,DF,furniture_decor,1,1,1,9800,1,0,7.073946759104729,1.0,1
2016,DF,health_beauty,1,1,1,11980,1,0,45.13653935166076,3.0,1
2016,DF,perfumery,1,1,1,3990,1,0,40.8851851853542,4.0,1
2016,DF,toys,1,1,1,10190,1,0,12.889502314850688,5.0,1
2016,DF,watches_gifts,1,1,1,64917,1,0,21.063518518581986,5.0,1
2016,ES,consoles_games,1,0,0,0,0,0,0,0,0
2016,ES,cool_stuff,1,1,1,6990,1,0,9.020162037108094,5.0,1
2016,ES,health_beauty,1,1,1,9990,1,0,24.149699073750526,4.0,1
2016,ES,office_furniture,1,1,1,68999,1,0,41.2324768519029,3.0,1
2016,GO,furniture_decor,1,1,1,4900,1,0,7.614120370242745,3.0,1
2016,GO,health_beauty,1,1,1,4990,1,0,7.818865740671754,5.0,1
2016,GO,market_place,1,0,0,0,0,0,0,0,0
2016,GO,perfumery,2,2,2,58980,2,0,15.264108796603978,10.0,2
2016,GO,sports_leisure,1,1,1,4490,1,0,19.756886574439704,5.0,1
2016,GO,toys,2,2,2,17089,2,0,48.50628472212702,10.0,2
2016,MA,housewares,1,1,1,1990,1,0,20.156076388899237,4.0,1
2016,MA,market_place,1,1,1,46740,1,0,21.034895833116025,5.0,1
2016,MA,office_furniture,1,1,1,17697,1,0,64.7099652774632,0,0
2016,MA,sports_leisure,1,1,1,3999,1,0,7.071400463115424,5.0,1
2016,MG,air_conditioning,1,1,1,29999,1,0,22.191087963059545,1.0,1
2016,MG,auto,1,1,1,5150,1,0,22.325092592276633,1.0,1
2016,MG,baby,2,1,1,19999,1,0,31.569039351772517,5.0,1
2016,MG,bed_bath_table,1,1,1,16990,1,0,43.29837962985039,5.0,1
2016,MG,computers_accessories,4,2,2,14489,2,0,21.038287037052214,10.0,2
2016,MG,cool_stuff,1,1,1,4900,1,0,12.281180555466563,4.0,1
2016,MG,fashio_female_clothing,1,1,1,5490,1,0,25.6782870371826,5.0,1
2016,MG,fashion_bags_accessories,1,1,1,7990,1,0,19.30243055522442,5.0,1
2016,MG,furniture_decor,7,6,6,43519,6,0,135.956875000149,21.0,5
2016,MG,garden_tools,1,1,1,38000,1,0,7.555011574178934,1.0,1
2016,MG,health_beauty,7,6,6,63365,6,0,109.22037036949769,25.0,6
2016,MG,housewares,1,1,1,4499,1,0,10.231770833022892,4.0,1
2016,MG,market_place,1,1,1,5800,1,0,10.635069444775581,5.0,1
2016,MG,office_furniture,1,1,1,12997,1,0,31.761817129794508,1.0,1
2016,MG,perfumery,3,3,3,38470,3,0,57.36504629673436,13.0,3
2016,MG,sports_leisure,1,1,1,14999,1,0,26.80221064807847,1.0,1
2016,MG,telephony,2,2,2,9970,2,0,32.12381944479421,7.0,2
2016,MG,toys,4,4,4,90869,4,0,74.16905092587695,14.0,4
2016,MT,auto,1,0,0,0,0,0,0,0,0
2016,MT,furniture_decor,1,1,1,4780,1,0,7.024340278003365,5.0,1
2016,PA,cool_stuff,1,1,1,8900,1,0,34.03725694445893,5.0,1
2016,PA,furniture_decor,2,2,2,36870,2,0,67.25126157421619,8.0,2
2016,PA,toys,1,1,1,62990,1,0,8.71017361106351,4.0,1
2016,PB,toys,1,1,1,4990,1,0,37.71947916643694,5.0,1
2016,PE,books_general_interest,1,0,0,0,0,0,0,0,0
2016,PE,computers_accessories,1,1,1,7500,1,0,11.294571759179235,1.0,1
2016,PE,furniture_decor,1,1,1,4990,1,0,15.606990740634501,5.0,1
2016,PE,health_beauty,1,1,1,7590,1,0,17.728715277742594,5.0,1
2016,PE,perfumery,1,1,1,24990,1,0,30.081504629459232,5.0,1
2016,PE,sports_leisure,2,2,2,79890,2,0,33.51254629669711,10.0,2
2016,PI,health_beauty,1,1,1,21000,1,0,27.183784722350538,4.0,1
2016,PR,baby,1,1,1,7980,1,0,34.64599537057802,4.0,1
2016,PR,bed_bath_table,2,2,2,21929,2,0,19.047743055503815,6.0,2
2016,PR,computers_accessories,1,1,1,4389,1,0,12.36526620388031,5.0,1
2016,PR,fashion_bags_accessories,2,2,2,6070,2,0,11.721655092667788,7.0,2
2016,PR,furniture_decor,7,7,7,103029,7,0,92.84601851878688,24.0,7
2016,PR,garden_tools,1,1,1,13999,1,0,7.969259259290993,5.0,1
2016,PR,health_beauty,6,6,6,32766,6,0,124.96865740744397,25.0,6
2016,PR,market_place,1,1,1,9499,1,0,27.98021990712732,5.0,1
2016,PR,sports_leisure,1,1,1,1890,1,0,17.71157407388091,4.0,1
2016,RJ,Unknown,1,1,1,1590,1,0,19.804699074011296,5.0,1
2016,RJ,audio,1,1,1,13200,1,0,12.144467592705041,5.0,1
2016,RJ,auto,1,1,1,1000,1,0,23.027106481604278,5.0,1
2016,RJ,baby,3,3,3,61988,3,0,34.07473379606381,10.0,3
2016,RJ,bed_bath_table,1,1,1,5990,1,0,21.33105324069038,5.0,1
2016,RJ,computers_accessories,1,1,1,1900,1,0,21.85098379617557,3.0,1
2016,RJ,consoles_games,2,2,2,99899,2,0,60.667037037201226,8.0,2
2016,RJ,cool_stuff,2,2,2,22680,2,0,48.20633101882413,6.0,2
2016,RJ,diapers_and_hygiene,1,1,1,13490,1,0,30.684861111454666,5.0,1
2016,RJ,fixed_telephony,1,1,1,600,1,0,45.185347222257406,4.0,1
2016,RJ,furniture_decor,5,5,5,36748,5,0,105.77746527688578,21.0,5
2016,RJ,garden_tools,1,1,1,59000,1,0,7.825451388955116,5.0,1
2016,RJ,health_beauty,7,4,4,69869,4,0,95.38094907440245,11.0,4
2016,RJ,housewares,1,1,1,3299,1,0,7.173657407052815,5.0,1
2016,RJ,market_place,1,0,0,0,0,0,0,0,0
2016,RJ,perfumery,8,6,6,143420,6,0,89.86326388875023,26.0,6
2016,RJ,pet_shop,1,1,1,10990,1,0,20.719780092593282,4.0,1
2016,RJ,sports_leisure,4,2,2,46190,2,0,32.82348379679024,10.0,2
2016,RJ,toys,6,5,5,89975,5,0,81.08815972181037,11.0,4
2016,RJ,watches_gifts,1,1,1,139900,1,0,9.716342592611909,5.0,1
2016,RN,auto,1,1,1,16199,1,0,7.057268518488854,5.0,1
2016,RN,computers_accessories,1,1,1,1890,1,0,25.271539351902902,5.0,1
2016,RN,furniture_decor,1,1,1,14800,1,0,44.34128472208977,5.0,1
2016,RN,housewares,1,1,1,39980,1,0,32.04618055559695,5.0,1
2016,RR,furniture_decor,1,0,0,0,0,0,0,0,0
2016,RR,health_beauty,1,1,1,3970,1,0,8.583067129831761,4.0,1
2016,RS,air_conditioning,1,0,0,0,0,0,0,0,0
2016,RS,auto,1,0,0,0,0,0,0,0,0
2016,RS,computers_accessories,2,1,1,3500,1,0,12.406030092854053,4.0,1
2016,RS,consoles_games,1,1,1,94999,1,0,43.5708101852797,5.0,1
2016,RS,cool_stuff,1,1,1,39900,1,0,11.298715277574956,4.0,1
2016,RS,fashion_bags_accessories,1,1,1,2490,1,0,17.898032407276332,1.0,1
2016,RS,furniture_decor,3,3,3,33798,3,0,59.309976851567626,10.0,3
2016,RS,health_beauty,1,0,0,0,0,0,0,0,0
2016,RS,industry_commerce_and_business,2,2,2,17980,2,0,32.60105324070901,9.0,2
2016,RS,perfumery,1,0,0,0,0,0,0,0,0
2016,RS,pet_shop,1,1,1,9990,1,0,7.9844328705221415,5.0,1
2016,RS,sports_leisure,5,5,5,23809,5,0,94.89255787059665,21.0,5
2016,RS,telephony,2,0,0,0,0,0,0,0,0
2016,RS,toys,2,2,2,25889,2,0,41.95596064860001,10.0,2
2016,SC,air_conditioning,1,1,1,59960,1,0,32.865277777891606,5.0,1
2016,SC,fashion_bags_accessories,1,0,0,0,0,0,0,0,0
2016,SC,fixed_telephony,1,1,1,19900,1,0,20.241840277798474,5.0,1
2016,SC,furniture_decor,2,2,2,79988,2,0,24.90755787026137,9.0,2
2016,SC,health_beauty,4,4,4,33968,4,0,79.43223379692063,11.0,4
2016,SC,perfumery,1,1,1,29990,1,0,7.716064814478159,5.0,1
2016,SE,computers_accessories,1,1,1,16155,1,0,20.558877314906567,5.0,1
2016,SE,consoles_games,1,1,1,5800,1,0,48.94684027740732,4.0,1
2016,SE,furniture_decor,1,1,1,6590,1,0,22.004097221884876,5.0,1
2016,SP,Unknown,1,1,1,4999,1,0,18.239675926044583,5.0,1
2016,SP,air_conditioning,2,2,2,44970,2,0,60.34267361136153,10.0,2
2016,SP,audio,1,1,1,2499,1,0,8.051134258974344,5.0,1
2016,SP,auto,4,3,3,35479,3,0,63.02768518496305,9.0,3
2016,SP,baby,5,4,4,47150,4,0,55.44010416697711,17.0,4
2016,SP,bed_bath_table,1,1,1,2990,1,0,21.502858796156943,4.0,1
2016,SP,books_technical,1,0,0,0,0,0,0,0,0
2016,SP,computers_accessories,5,3,3,13579,3,1,102.2624999997206,10.0,3
2016,SP,consoles_games,4,2,2,98248,2,0,29.70944444416091,9.0,2
2016,SP,cool_stuff,2,1,1,21240,1,0,7.017442129552364,5.0,1
2016,SP,electronics,2,1,1,10799,1,0,12.022488425951451,5.0,1
2016,SP,fashion_bags_accessories,3,3,3,16380,3,0,35.91583333350718,14.0,3
2016,SP,fashion_male_clothing,1,1,1,2490,1,0,26.563391203526407,1.0,1
2016,SP,fashion_shoes,1,1,1,2999,1,0,10.733668981585652,5.0,1
2016,SP,fixed_telephony,3,3,3,49988,3,0,39.84065972175449,11.0,3
2016,SP,food,1,1,1,7990,1,0,14.217152778059244,5.0,1
2016,SP,furniture_decor,18,17,17,177241,17,0,253.18560185097158,64.0,17
2016,SP,garden_tools,2,2,2,24989,2,0,22.92815972212702,10.0,2
2016,SP,health_beauty,12,10,10,88934,10,2,277.77778935199603,36.0,10
2016,SP,housewares,4,4,4,61940,4,0,104.72700231475756,8.0,4
2016,SP,industry_commerce_and_business,1,1,1,17980,1,0,12.184502314776182,4.0,1
2016,SP,market_place,2,2,2,29490,2,0,48.36440972238779,10.0,2
2016,SP,office_furniture,3,3,3,30395,3,0,102.08575231442228,4.0,3
2016,SP,perfumery,11,10,10,152090,10,0,159.2200231468305,46.0,10
2016,SP,pet_shop,2,2,2,47988,2,0,58.3115972224623,8.0,2
2016,SP,sports_leisure,4,4,4,25948,4,0,49.51646990748122,17.0,4
2016,SP,telephony,5,4,4,10860,4,0,36.632939814124256,16.0,4
2016,SP,toys,8,6,6,108658,6,0,118.37084490759298,26.0,6
2016,SP,watches_gifts,2,2,2,66290,2,0,45.28390046302229,9.0,2
2017,AC,Unknown,2,2,2,6690,2,0,42.55358796287328,10.0,2
2017,AC,auto,4,4,4,54098,4,0,57.23971064854413,14.0,4
2017,AC,baby,3,3,3,69784,3,0,74.79442129656672,15.0,3
2017,AC,bed_bath_table,3,3,3,56770,3,0,61.88971064798534,8.0,3
2017,AC,christmas_supplies,1,1,1,6990,1,0,36.09658564813435,4.0,1
2017,AC,computers,1,1,1,120000,1,1,66.95233796304092,1.0,1
2017,AC,computers_accessories,5,4,4,92160,4,0,96.26961805578321,16.0,4
2017,AC,consoles_games,1,1,1,27614,1,0,14.021099537145346,5.0,1
2017,AC,cool_stuff,1,1,1,9999,1,0,12.185219907667488,1.0,1
2017,AC,electronics,3,3,3,47390,3,0,50.45805555488914,15.0,3
2017,AC,fashion_shoes,1,1,1,7490,1,0,28.61627314798534,5.0,1
2017,AC,furniture_decor,3,3,3,59980,3,1,83.74002314778045,7.0,3
2017,AC,furniture_living_room,1,1,1,7990,1,0,13.00109953712672,5.0,1
2017,AC,health_beauty,3,3,3,63269,3,0,74.26548611093313,10.0,3
2017,AC,housewares,2,2,2,40388,2,0,28.49819444399327,10.0,2
2017,AC,luggage_accessories,1,1,1,30000,1,0,25.230081018526107,5.0,1
2017,AC,market_place,1,1,1,6280,1,0,34.658854166511446,4.0,1
2017,AC,perfumery,3,3,3,30388,3,0,65.38489583367482,14.0,3
2017,AC,small_appliances,1,1,1,5400,1,0,13.206956018693745,5.0,1
2017,AC,sports_leisure,7,7,7,140480,7,0,129.01378472195938,24.0,7
2017,AC,stationery,1,1,1,39900,1,0,22.000231481157243,5.0,1
2017,AC,telephony,4,4,4,26397,4,0,59.96035879617557,19.0,4
2017,AC,toys,2,2,2,15980,2,0,33.41646990738809,9.0,2
2017,AC,watches_gifts,1,1,1,96160,1,0,11.885601851623505,5.0,1
2017,AL,Unknown,2,2,2,27499,2,0,63.0473726852797,10.0,2
2017,AL,audio,4,4,4,41289,4,3,135.33377314778045,11.0,3
2017,AL,auto,9,9,9,223782,9,2,207.55571759212762,31.0,8
2017,AL,baby,2,2,2,25480,2,0,27.331111111212522,10.0,2
2017,AL,bed_bath_table,10,10,10,118857,10,2,253.20569444447756,33.0,10
2017,AL,computers,1,1,1,120000,1,0,11.114826388657093,5.0,1
2017,AL,computers_accessories,11,11,11,478954,11,2,277.6533680553548,44.0,11
2017,AL,consoles_games,3,3,3,25430,3,1,67.14973379625008,14.0,3
2017,AL,construction_tools_construction,1,1,1,104500,1,0,27.324907407164574,4.0,1
2017,AL,cool_stuff,8,8,8,114377,8,0,197.07174768531695,34.0,8
2017,AL,drinks,1,1,1,1549,1,1,35.264606481418014,4.0,1
2017,AL,electronics,5,4,4,12319,4,1,81.37174768419936,17.0,4
2017,AL,fashion_bags_accessories,1,1,1,10990,1,0,19.012627314776182,5.0,1
2017,AL,fashion_shoes,3,3,3,34642,3,1,112.06312499986961,9.0,3
2017,AL,fixed_telephony,4,4,4,73187,4,0,88.39847222296521,14.0,4
2017,AL,furniture_decor,12,12,12,244001,12,1,318.248379629571,47.0,12
2017,AL,furniture_living_room,2,2,2,65980,2,0,32.01974537083879,9.0,2
2017,AL,garden_tools,8,7,7,109759,7,1,176.32267361180857,25.0,7
2017,AL,health_beauty,34,33,33,781726,33,11,896.0375694446266,115.0,33
2017,AL,home_appliances,2,1,1,6875,1,0,27.889328703749925,5.0,1
2017,AL,home_confort,1,1,1,8990,1,1,36.348611110821366,3.0,1
2017,AL,housewares,3,3,3,30469,3,0,72.04233796335757,9.0,3
2017,AL,kitchen_dining_laundry_garden_furniture,1,1,1,14400,1,0,9.107048611156642,2.0,1
2017,AL,luggage_accessories,3,3,3,51046,3,1,88.25001157354563,11.0,3
2017,AL,market_place,1,1,1,2990,1,0,30.16016203723848,5.0,1
2017,AL,office_furniture,1,1,1,57300,1,0,21.267048611305654,4.0,1
2017,AL,perfumery,9,9,9,148007,9,2,241.59506944566965,37.0,9
2017,AL,pet_shop,2,2,2,204790,2,1,68.74553240742534,7.0,2
2017,AL,sports_leisure,19,18,18,217809,18,1,376.85554398037493,73.0,18
2017,AL,stationery,5,5,5,45022,5,0,81.71659722179174,23.0,5
2017,AL,telephony,13,12,12,289975,12,3,377.375300925225,44.0,12
2017,AL,toys,8,8,8,54447,8,3,228.10560185229406,26.0,8
2017,AL,watches_gifts,16,15,15,587849,15,3,342.78615740919486,66.0,15
2017,AM,Unknown,1,1,1,54180,1,0,30.691388889215887,3.0,1
2017,AM,air_conditioning,1,1,1,8900,1,0,28.27834490733221,5.0,1
2017,AM,audio,1,1,1,8990,1,0,28.976944444701076,5.0,1
2017,AM,auto,1,1,1,3600,1,0,27.09155092621222,2.0,1
2017,AM,baby,3,3,3,23970,3,0,83.34569444460794,14.0,3
2017,AM,bed_bath_table,5,5,5,46950,5,0,101.29608796304092,21.0,5
2017,AM,computers,1,1,1,134000,1,0,33.02148148138076,4.0,1
2017,AM,computers_accessories,4,4,4,68689,4,0,91.72291666641831,19.0,4
2017,AM,consoles_games,1,1,1,34340,1,0,26.807060185354203,4.0,1
2017,AM,cool_stuff,3,3,3,42889,3,0,84.8569907406345,15.0,3
2017,AM,costruction_tools_garden,1,1,1,5990,1,0,15.90854166680947,5.0,1
2017,AM,electronics,2,2,2,2655,2,0,76.86738425912336,8.0,2
2017,AM,fashion_bags_accessories,1,1,1,69999,1,0,34.241712962742895,4.0,1
2017,AM,food,1,1,1,14990,1,1,138.8777893516235,1.0,1
2017,AM,furniture_decor,2,2,2,6548,2,0,47.567465278320014,10.0,2
2017,AM,garden_tools,3,3,3,19298,3,0,35.336134259123355,13.0,3
2017,AM,health_beauty,5,5,5,56500,5,0,110.90745370369405,23.0,5
2017,AM,housewares,3,3,3,34879,3,0,58.57562500005588,11.0,3
2017,AM,luggage_accessories,1,1,1,10180,1,0,4.118402778171003,5.0,1
2017,AM,market_place,1,1,1,18000,1,0,37.414166666567326,5.0,1
2017,AM,musical_instruments,1,1,1,43900,1,0,32.01271990733221,5.0,1
2017,AM,office_furniture,1,1,1,13590,1,0,25.039837962947786,5.0,1
2017,AM,perfumery,1,1,1,4990,1,0,35.279039351735264,5.0,1
2017,AM,pet_shop,2,2,2,15490,2,0,46.13693287037313,10.0,2
2017,AM,sports_leisure,6,6,6,86750,6,0,144.0539699071087,25.0,6
2017,AM,stationery,2,2,2,23150,2,0,49.69849537080154,10.0,2
2017,AM,telephony,10,10,10,41205,10,0,224.3711921297945,47.0,10
2017,AM,toys,4,4,4,36658,4,0,78.5113541665487,20.0,4
2017,AM,watches_gifts,6,5,5,112569,5,0,142.16504629701376,17.0,4
2017,AP,agro_industry_and_commerce,1,1,1,58999,1,0,13.799432870466262,5.0,1
2017,AP,auto,1,1,1,19900,1,0,41.8724421299994,4.0,1
2017,AP,bed_bath_table,3,3,3,66950,3,0,62.51670138910413,14.0,3
2017,AP,computers,1,1,1,143700,1,0,15.816944444552064,5.0,1
2017,AP,computers_accessories,2,1,1,10500,1,0,24.051203703973442,5.0,1
2017,AP,cool_stuff,1,1,1,7500,1,1,44.22537037031725,4.0,1
2017,AP,electronics,2,2,2,59390,2,0,65.57354166638106,10.0,2
2017,AP,fixed_telephony,2,2,2,23294,2,0,20.75247685192153,9.0,2
2017,AP,furniture_decor,1,1,1,19580,1,1,187.20344907417893,5.0,1
2017,AP,garden_tools,1,1,1,2999,1,0,22.244641203898937,5.0,1
2017,AP,health_beauty,7,7,7,109059,7,0,131.08204861124977,31.0,7
2017,AP,housewares,1,1,1,17799,1,0,28.218703703954816,4.0,1
2017,AP,musical_instruments,1,1,1,9490,1,0,19.37265046313405,5.0,1
2017,AP,pet_shop,1,1,1,5980,1,0,27.462233796250075,4.0,1
2017,AP,telephony,1,1,1,18990,1,0,26.163831018377095,3.0,1
2017,AP,toys,2,2,2,9785,2,0,48.84775462979451,7.0,2
2017,AP,watches_gifts,1,1,1,10800,1,0,30.088483796454966,4.0,1
2017,BA,Unknown,24,23,23,268139,23,2,426.4007754633203,89.0,22
2017,BA,agro_industry_and_commerce,1,1,1,79600,1,0,22.260138888843358,4.0,1
2017,BA,air_conditioning,4,4,4,61196,4,0,77.38694444438443,12.0,4
2017,BA,art,2,2,2,23990,2,0,37.6901273149997,9.0,2
2017,BA,audio,7,7,7,44849,7,4,170.86498842667788,18.0,7
2017,BA,auto,52,50,50,1085091,50,5,1014.8364814803936,202.0,50
2017,BA,baby,37,37,37,540119,37,5,735.7977662044577,139.0,36
2017,BA,bed_bath_table,113,109,109,1219061,109,10,2215.9886111114174,411.5,106
2017,BA,books_general_interest,8,7,7,56600,7,2,158.7721759257838,29.0,6
2017,BA,books_imported,1,1,1,7700,1,0,26.14832175942138,3.0,1
2017,BA,books_technical,2,2,2,18449,2,0,35.34255787031725,10.0,2
2017,BA,christmas_supplies,2,2,2,6509,2,0,26.21369213005528,10.0,2
2017,BA,computers,11,11,11,1305399,11,0,95.2504861112684,47.0,11
2017,BA,computers_accessories,95,93,93,1867774,93,6,1755.674537039362,377.0,93
2017,BA,consoles_games,22,20,20,205842,20,1,326.96028935117647,80.0,19
2017,BA,construction_tools_construction,3,3,3,30090,3,0,45.84484953666106,13.0,3
2017,BA,construction_tools_safety,1,1,1,890,1,0,15.863240740727633,1.0,1
2017,BA,cool_stuff,79,74,74,1101821,74,5,1448.9593749982305,307.0,74
2017,BA,costruction_tools_garden,4,4,4,126470,4,0,64.97054398152977,16.0,4
2017,BA,costruction_tools_tools,2,2,2,8970,2,0,27.774340277537704,9.0,2
2017,BA,drinks,1,0,0,0,0,0,0,0,0
2017,BA,electronics,29,28,28,217346,28,2,509.0375115741044,115.0,28
2017,BA,fashio_female_clothing,1,1,1,6490,1,0,25.646435185335577,2.0,1
2017,BA,fashion_bags_accessories,41,41,41,351390,41,3,719.2810300919227,167.0,41
2017,BA,fashion_childrens_clothes,1,1,1,8999,1,0,29.73806712962687,5.0,1
2017,BA,fashion_male_clothing,6,5,5,81100,5,1,109.68243055511266,12.0,5
2017,BA,fashion_shoes,4,4,4,45440,4,1,79.74770833365619,19.0,4
2017,BA,fashion_sport,2,2,2,12489,2,0,41.61483796266839,7.0,2
2017,BA,fashion_underwear_beach,4,3,3,41790,3,0,75.89668981498107,10.0,3
2017,BA,fixed_telephony,5,5,5,78793,5,0,87.41212962940335,18.0,5
2017,BA,food,5,4,4,34629,4,0,72.55476851854473,19.0,4
2017,BA,food_drink,3,3,3,38388,3,0,31.521504629869014,14.0,3
2017,BA,furniture_bedroom,2,2,2,41800,2,1,61.500925925560296,5.0,2
2017,BA,furniture_decor,99,98,98,1055253,98,13,2021.503240740858,395.0,96
2017,BA,furniture_living_room,9,9,9,144277,9,0,160.98778935149312,33.0,9
2017,BA,garden_tools,83,83,83,1149849,83,7,1574.8423148179427,328.0,82
2017,BA,health_beauty,147,140,140,2158113,140,18,2770.8139004642144,548.0,139
2017,BA,home_appliances,13,12,12,79420,12,0,178.99447916727513,35.0,12
2017,BA,home_appliances_2,4,3,3,78479,3,0,67.211041665636,13.0,3
2017,BA,home_comfort_2,1,1,1,1290,1,1,35.92263888893649,3.0,1
2017,BA,home_confort,8,8,8,85350,8,1,188.92232638876885,31.0,8
2017,BA,home_construction,3,3,3,95475,3,0,57.96589120384306,11.0,3
2017,BA,housewares,54,49,49,503379,49,3,866.1317361132242,183.0,48
2017,BA,kitchen_dining_laundry_garden_furniture,3,3,3,20190,3,0,38.10324074048549,14.0,3
2017,BA,luggage_accessories,19,18,18,213638,18,2,347.18502314714715,70.0,18
2017,BA,market_place,3,3,3,205579,3,0,63.93843749957159,13.0,3
2017,BA,musical_instruments,13,12,12,300941,12,3,263.63892361242324,41.0,12
2017,BA,office_furniture,36,36,36,595342,36,5,924.9027662025765,141.0,36
2017,BA,perfumery,48,48,48,661683,48,6,983.5859606475569,193.0,48
2017,BA,pet_shop,19,18,18,161366,18,1,315.9582175919786,76.0,18
2017,BA,signaling_and_security,2,2,2,12195,2,0,45.45094907423481,10.0,2
2017,BA,small_appliances,8,8,8,119558,8,1,175.16130786994472,31.0,8
2017,BA,sports_leisure,132,128,128,1709570,128,6,2278.8754398147576,516.0,126
2017,BA,stationery,30,30,30,349395,30,4,710.5896412050352,120.0,30
2017,BA,tablets_printing_image,4,4,4,39600,4,0,61.80337962927297,18.0,4
2017,BA,telephony,115,113,113,1165441,113,17,2189.7982754609548,413.0,113
2017,BA,toys,74,71,71,983435,71,9,1509.3084953706712,289.0,70
2017,BA,watches_gifts,86,85,85,1839313,85,9,1599.0112499981187,337.0,85
2017,CE,Unknown,10,8,8,95446,8,1,200.54840277833864,24.0,8
2017,CE,air_conditioning,2,2,2,44616,2,0,56.46796296350658,6.0,2
2017,CE,auto,22,22,22,377444,22,4,456.334826388862,81.0,22
2017,CE,baby,11,11,11,173891,11,1,234.65809027757496,44.0,11
2017,CE,bed_bath_table,35,35,35,381446,35,4,715.4235416674055,147.0,35
2017,CE,books_general_interest,2,2,2,23000,2,0,54.202314815018326,10.0,2
2017,CE,books_technical,2,2,2,22600,2,0,27.78162037068978,10.0,2
2017,CE,computers,4,4,4,547680,4,0,61.81896990770474,17.0,4
2017,CE,computers_accessories,37,35,35,653209,35,4,787.761076388415,140.0,35
2017,CE,consoles_games,10,10,10,256677,10,1,223.88458333397284,38.0,10
2017,CE,construction_tools_construction,2,2,2,54437,2,0,14.71090277750045,9.0,2
2017,CE,construction_tools_safety,2,2,2,49079,2,0,35.15987268509343,9.0,2
2017,CE,cool_stuff,33,33,33,710585,33,1,569.5780555563979,138.0,32
2017,CE,costruction_tools_garden,3,3,3,21560,3,1,55.244398148264736,7.0,3
2017,CE,electronics,10,10,10,184240,10,1,228.42643518419936,42.0,10
2017,CE,fashion_bags_accessories,14,13,13,156626,13,1,298.0147800934501,49.0,13
2017,CE,fashion_male_clothing,1,1,1,2999,1,0,22.192766203545034,5.0,1
2017,CE,fashion_shoes,1,1,1,14980,1,0,24.701493055559695,5.0,1
2017,CE,fixed_telephony,1,1,1,3780,1,0,19.924432870466262,1.0,1
2017,CE,food,3,3,3,19272,3,0,21.66253472212702,14.0,3
2017,CE,food_drink,1,1,1,21556,1,0,7.528483795933425,5.0,1
2017,CE,furniture_decor,31,30,30,410709,30,3,696.1123842587695,118.0,30
2017,CE,garden_tools,31,30,30,351913,30,3,627.5981018524617,118.0,30
2017,CE,health_beauty,71,69,69,1502241,69,5,1409.621446756646,282.0,69
2017,CE,home_appliances,2,2,2,23570,2,0,48.951620370615274,9.0,2
2017,CE,home_confort,3,3,3,25670,3,1,85.23837962979451,10.0,3
2017,CE,home_construction,1,1,1,7990,1,1,34.41170138865709,1.0,1
2017,CE,housewares,19,19,19,184354,19,2,415.8098379606381,83.0,19
2017,CE,luggage_accessories,17,17,17,214882,17,0,289.9043634259142,75.0,17
2017,CE,market_place,4,4,4,55835,4,0,94.6708912034519,12.0,4
2017,CE,musical_instruments,1,1,1,27877,1,0,23.81557870376855,4.0,1
2017,CE,office_furniture,15,15,15,272428,15,1,369.29297453630716,53.0,15
2017,CE,perfumery,33,33,33,553954,33,4,723.9891435182653,133.0,33
2017,CE,pet_shop,9,9,9,96856,9,0,161.91892361082137,34.0,9
2017,CE,small_appliances,7,6,6,405729,6,0,93.46854166593403,25.0,6
2017,CE,sports_leisure,44,43,43,472114,43,3,876.6031365743838,177.0,43
2017,CE,stationery,12,12,12,97935,12,2,275.90740740764886,49.0,12
2017,CE,tablets_printing_image,1,1,1,2999,1,0,10.91851851856336,5.0,1
2017,CE,telephony,55,52,52,437240,52,4,973.7061574091204,208.0,52
2017,CE,toys,45,45,45,519807,45,4,833.7390277781524,186.0,45
2017,CE,watches_gifts,52,51,51,1568673,51,4,970.3233217606321,213.0,50
2017,DF,Unknown,18,17,17,138562,17,0,259.74574074009433,73.0,17
2017,DF,art,3,3,3,27690,3,0,29.584490740206093,14.0,3
2017,DF,audio,4,4,4,23479,4,1,46.70327546307817,14.0,4
2017,DF,auto,39,35,35,413936,35,0,439.9088310194202,150.5,35
2017,DF,baby,20,20,20,358183,20,3,271.42097222199664,68.0,20
2017,DF,bed_bath_table,78,77,77,733911,77,5,1187.9783217604272,302.0,77
2017,DF,books_general_interest,4,4,4,27330,4,0,59.16798611078411,17.0,4
2017,DF,books_technical,1,1,1,34300,1,0,9.787407407537103,1.0,1
2017,DF,christmas_supplies,3,3,3,16140,3,0,43.99755787057802,13.0,3
2017,DF,computers,5,5,5,898899,5,0,60.98962962953374,25.0,5
2017,DF,computers_accessories,46,45,45,1437252,45,1,549.3657986107282,164.0,45
2017,DF,consoles_games,15,15,15,105708,15,0,179.79819444473833,70.0,15
2017,DF,construction_tools_construction,1,1,1,26900,1,0,9.270729166921228,4.0,1
2017,DF,construction_tools_lights,1,1,1,25000,1,0,20.343067129608244,5.0,1
2017,DF,cool_stuff,44,43,43,722367,43,1,525.9244907400571,183.0,43
2017,DF,costruction_tools_garden,3,3,3,21680,3,0,46.417615740559995,11.0,3
2017,DF,drinks,1,1,1,3000,1,0,11.119386573787779,5.0,1
2017,DF,dvds_blu_ray,2,2,2,3680,2,1,37.87572916643694,5.0,2
2017,DF,electronics,12,12,12,59151,12,0,143.11489583458751,59.0,12
2017,DF,fashio_female_clothing,1,1,1,12990,1,0,14.990763888694346,4.0,1
2017,DF,fashion_bags_accessories,22,21,21,124100,21,1,230.28614583332092,83.0,21
2017,DF,fashion_shoes,4,4,4,59929,4,0,60.28209490748122,20.0,4
2017,DF,fashion_sport,1,1,1,2499,1,0,12.324884259141982,5.0,1
2017,DF,fashion_underwear_beach,1,1,1,8625,1,0,16.183032407425344,1.0,1
2017,DF,fixed_telephony,2,2,2,3998,2,0,17.70157407410443,5.0,2
2017,DF,food,1,1,1,17091,1,0,12.070277777966112,0,0
2017,DF,food_drink,3,3,3,25389,3,0,27.62121527735144,10.0,3
2017,DF,furniture_bedroom,1,1,1,51000,1,0,7.995706018526107,4.0,1
2017,DF,furniture_decor,46,46,46,501858,46,5,738.4079050929286,189.0,46
2017,DF,furniture_living_room,3,3,3,37077,3,0,48.85458333278075,13.0,3
2017,DF,furniture_mattress_and_upholstery,1,1,1,24900,1,0,6.077800925821066,5.0,1
2017,DF,garden_tools,23,23,23,442588,23,0,308.5061574066058,93.0,22
2017,DF,health_beauty,90,88,88,851809,88,6,1229.5570833329111,352.0,87
2017,DF,home_appliances,5,5,5,102684,5,0,77.01674768561497,25.0,5
2017,DF,home_appliances_2,1,1,1,15400,1,0,20.182627314701676,5.0,1
2017,DF,home_confort,3,3,3,23780,3,0,35.57168981526047,10.0,3
2017,DF,home_construction,3,3,3,43679,3,0,48.987962963059545,8.0,3
2017,DF,housewares,53,51,51,497507,51,0,665.2474074070342,219.5,51
2017,DF,kitchen_dining_laundry_garden_furniture,3,3,3,65390,3,0,42.95718749985099,9.0,3
2017,DF,luggage_accessories,7,7,7,79709,7,1,126.58624999923632,27.0,7
2017,DF,market_place,1,1,1,6280,1,0,8.797847222536802,4.0,1
2017,DF,musical_instruments,3,3,3,44380,3,0,30.139537037350237,11.0,3
2017,DF,office_furniture,11,11,11,176699,11,1,230.378449073527,39.0,11
2017,DF,perfumery,40,39,39,439962,39,3,559.7958449088037,165.0,39
2017,DF,pet_shop,12,11,11,100004,11,0,130.6908217589371,55.0,11
2017,DF,security_and_services,1,1,1,10000,1,0,11.057546296156943,1.0,1
2017,DF,small_appliances,13,13,13,885637,13,1,182.58964120363817,53.0,13
2017,DF,sports_leisure,92,88,88,932226,88,1,1104.0818055570126,393.5,88
2017,DF,stationery,18,16,16,168410,16,2,236.50665509235114,62.0,16
2017,DF,telephony,40,37,37,348020,37,1,474.80670138960704,163.0,37
2017,DF,toys,59,57,57,871761,57,1,666.5731134228408,242.0,57
2017,DF,watches_gifts,51,50,50,1064421,50,3,750.8271296294406,192.0,50
2017,ES,Unknown,11,11,11,98014,11,1,159.25466435123235,40.0,11
2017,ES,agro_industry_and_commerce,2,2,2,44230,2,1,42.72385416645557,6.0,2
2017,ES,air_conditioning,4,4,4,56980,4,0,41.44667824031785,9.0,3
2017,ES,art,1,1,1,4990,1,0,5.005740740802139,5.0,1
2017,ES,audio,5,5,5,52690,5,0,44.44304398121312,17.0,5
2017,ES,auto,33,31,31,391685,31,3,645.8954282393679,129.0,30
2017,ES,baby,26,26,26,328757,26,2,502.1373611120507,107.0,26
2017,ES,bed_bath_table,101,100,100,1198885,100,11,1664.1921064811759,377.5,98
2017,ES,books_general_interest,4,4,4,77300,4,0,44.5452199075371,18.0,4
2017,ES,books_technical,2,2,2,10990,2,2,63.017986110877246,6.0,2
2017,ES,christmas_supplies,1,1,1,932,1,0,17.10918981488794,0,0
2017,ES,computers,1,1,1,59900,1,0,24.39782407414168,1.0,1
2017,ES,computers_accessories,56,56,56,606291,56,2,797.4356597210281,230.0,54
2017,ES,consoles_games,13,11,11,63530,11,3,213.93635416729376,39.0,11
2017,ES,construction_tools_construction,1,1,1,5490,1,0,6.676840277854353,4.0,1
2017,ES,construction_tools_lights,1,1,1,22900,1,0,10.03268518531695,5.0,1
2017,ES,cool_stuff,35,35,35,627025,35,1,495.474432871677,152.0,35
2017,ES,costruction_tools_tools,1,1,1,1999,1,0,12.27347222249955,4.0,1
2017,ES,drinks,1,0,0,0,0,0,0,0,0
2017,ES,electronics,21,20,20,104635,20,2,322.21274305600673,75.0,20
2017,ES,fashio_female_clothing,1,1,1,11500,1,0,18.81881944462657,1.0,1
2017,ES,fashion_bags_accessories,20,19,19,159605,19,1,243.4144560182467,79.0,19
2017,ES,fashion_male_clothing,1,1,1,9990,1,0,9.187118055298924,4.0,1
2017,ES,fashion_shoes,3,3,3,60550,3,0,49.30774305574596,15.0,3
2017,ES,fashion_underwear_beach,1,1,1,11000,1,0,16.003553241025656,4.0,1
2017,ES,fixed_telephony,3,3,3,11780,3,0,36.795671296771616,8.0,3
2017,ES,flowers,1,1,1,5990,1,0,11.395543981343508,5.0,1
2017,ES,food,7,6,6,51865,6,0,86.54376157419756,27.0,6
2017,ES,food_drink,3,3,3,13050,3,0,43.23092592554167,13.0,3
2017,ES,furniture_decor,64,64,64,626041,64,4,967.3095833319239,267.0,63
2017,ES,furniture_living_room,9,8,8,104734,8,0,131.6795717603527,37.0,8
2017,ES,garden_tools,47,46,46,494280,46,5,676.5833796309307,191.0,45
2017,ES,health_beauty,55,54,54,793449,54,4,851.7273726863787,227.0,53
2017,ES,home_appliances,9,9,9,90935,9,0,104.54391203727573,40.0,9
2017,ES,home_appliances_2,2,2,2,61699,2,1,65.91934027802199,6.0,2
2017,ES,home_comfort_2,1,1,1,1290,1,0,22.8842129628174,5.0,1
2017,ES,home_confort,10,9,9,136838,9,1,155.81596064846963,39.0,9
2017,ES,home_construction,3,3,3,112340,3,0,37.67733796313405,14.0,3
2017,ES,housewares,56,54,54,512532,54,6,841.8319097217172,226.0,53
2017,ES,kitchen_dining_laundry_garden_furniture,1,1,1,4800,1,0,5.947604166343808,5.0,1
2017,ES,luggage_accessories,10,10,10,113759,10,1,157.38390046264976,36.0,10
2017,ES,market_place,5,5,5,60378,5,0,68.60969907371327,19.0,5
2017,ES,musical_instruments,10,10,10,158620,10,1,146.12495370442048,43.0,10
2017,ES,office_furniture,13,13,13,268629,13,1,251.97480324050412,54.0,13
2017,ES,perfumery,45,45,45,493875,45,4,661.894976851996,173.0,45
2017,ES,pet_shop,8,8,8,66250,8,0,126.79031249973923,30.0,8
2017,ES,signaling_and_security,2,2,2,69600,2,0,16.435196759179235,9.0,2
2017,ES,small_appliances,1,1,1,5985,1,0,14.237453703768551,5.0,1
2017,ES,sports_leisure,80,80,80,991800,80,6,1187.9922337974422,342.0,80
2017,ES,stationery,22,22,22,262867,22,1,308.11069444473833,96.0,22
2017,ES,tablets_printing_image,3,3,3,97479,3,0,37.70476851798594,10.0,2
2017,ES,telephony,44,43,43,274866,43,0,560.7908333330415,178.0,42
2017,ES,toys,55,55,55,648033,55,3,732.6768287029117,233.0,54
2017,ES,watches_gifts,52,51,51,1031625,51,3,764.4151967610233,202.0,51
2017,GO,Unknown,25,25,25,518629,25,3,557.16831018636,97.0,25
2017,GO,agro_industry_and_commerce,1,1,1,2199,1,0,30.440231481567025,3.0,1
2017,GO,air_conditioning,3,3,3,40299,3,0,44.96837962931022,14.0,3
2017,GO,art,1,1,1,10960,1,0,28.009930555708706,5.0,1
2017,GO,audio,3,3,3,22199,3,0,46.59708333294839,9.0,3
2017,GO,auto,25,25,25,604546,25,0,329.2384722228162,96.0,24
2017,GO,baby,18,16,16,311475,16,0,241.01403935207054,71.0,16
2017,GO,bed_bath_table,103,100,100,1244432,100,10,1788.8859953698702,358.5,99
2017,GO,books_general_interest,6,5,5,62830,5,0,63.82392361108214,24.0,5
2017,GO,christmas_supplies,2,2,2,28180,2,0,29.57064814819023,10.0,2
2017,GO,computers,1,1,1,170000,1,0,17.17208333313465,5.0,1
2017,GO,computers_accessories,50,49,49,677236,49,3,751.2076967572793,203.0,49
2017,GO,consoles_games,11,11,11,92696,11,1,179.9434722205624,47.0,11
2017,GO,construction_tools_construction,3,3,3,70967,3,0,40.26224537007511,14.0,3
2017,GO,construction_tools_lights,2,2,2,61000,2,0,29.35803240770474,10.0,2
2017,GO,construction_tools_safety,3,3,3,43860,3,0,55.86098379595205,11.0,3
2017,GO,cool_stuff,66,64,64,1450676,64,1,898.8239351836964,274.5,63
2017,GO,costruction_tools_garden,1,1,1,1560,1,0,21.07754629617557,4.0,1
2017,GO,costruction_tools_tools,1,1,1,2990,1,0,19.536215277854353,4.0,1
2017,GO,drinks,2,2,2,21948,2,0,31.54107638867572,5.0,2
2017,GO,dvds_blu_ray,1,1,1,1990,1,0,2.113506944384426,5.0,1
2017,GO,electronics,7,7,7,17025,7,1,125.40299768559635,22.0,7
2017,GO,fashio_female_clothing,2,2,2,20480,2,0,48.367141203954816,6.0,2
2017,GO,fashion_bags_accessories,29,28,28,188863,28,0,428.0598263889551,118.0,28
2017,GO,fashion_male_clothing,1,1,1,4990,1,0,12.143171295989305,1.0,1
2017,GO,fashion_shoes,4,4,4,76450,4,0,61.894641203805804,18.0,4
2017,GO,fashion_underwear_beach,3,3,3,34790,3,0,41.30900463042781,15.0,3
2017,GO,fixed_telephony,4,4,4,33188,4,0,53.9948148149997,14.0,4
2017,GO,furniture_decor,43,40,40,473257,40,5,696.7711342582479,153.0,39
2017,GO,furniture_living_room,7,7,7,108360,7,1,122.2061805552803,20.0,7
2017,GO,furniture_mattress_and_upholstery,1,1,1,8500,1,0,18.93572916649282,5.0,1
2017,GO,garden_tools,41,41,41,932153,41,1,628.4960069437511,168.0,40
2017,GO,health_beauty,84,84,84,983613,84,4,1239.8960185204633,356.0,84
2017,GO,home_appliances,6,6,6,24775,6,0,104.08990740776062,27.0,6
2017,GO,home_comfort_2,2,2,2,2580,2,0,23.275717592332512,10.0,2
2017,GO,home_confort,4,4,4,55870,4,1,89.45168981468305,13.0,4
2017,GO,home_construction,6,6,6,169670,6,1,109.72003472130746,21.0,6
2017,GO,housewares,42,40,40,331798,40,2,703.821145832073,174.0,40
2017,GO,industry_commerce_and_business,1,1,1,69999,1,0,18.01717592589557,5.0,1
2017,GO,kitchen_dining_laundry_garden_furniture,1,1,1,8976,1,0,13.371342592407018,5.0,1
2017,GO,la_cuisine,1,1,1,13700,1,0,14.12078703707084,0,0
2017,GO,luggage_accessories,11,11,11,160578,11,0,148.52259259205312,47.0,11
2017,GO,market_place,4,4,4,10220,4,0,55.73375000059605,15.0,3
2017,GO,musical_instruments,3,3,3,79892,3,0,46.47201388841495,12.0,3
2017,GO,office_furniture,8,8,8,130484,8,0,156.25876157404855,38.0,8
2017,GO,perfumery,49,44,44,548490,44,2,657.3479745378718,180.0,44
2017,GO,pet_shop,14,14,14,156497,14,1,189.39372685179114,60.0,14
2017,GO,signaling_and_security,1,1,1,67000,1,0,14.156932870391756,5.0,1
2017,GO,small_appliances,2,1,1,10399,1,0,17.722071759402752,5.0,1
2017,GO,sports_leisure,78,76,76,933267,76,6,1333.0543402759358,321.0,75
2017,GO,stationery,20,20,20,192028,20,3,336.70387731445953,82.0,20
2017,GO,tablets_printing_image,1,1,1,9900,1,0,17.484722222201526,2.0,1
2017,GO,telephony,53,50,50,218024,50,1,747.8458101851866,220.0,50
2017,GO,toys,50,48,48,514188,48,1,738.9339699074626,198.0,48
2017,GO,watches_gifts,51,48,48,1349425,48,1,761.3647685218602,210.0,48
2017,MA,Unknown,9,8,8,136303,8,0,141.31427083350718,30.0,8
2017,MA,air_conditioning,1,1,1,19900,1,0,20.129965277388692,5.0,1
2017,MA,audio,2,2,2,68889,2,0,38.968761574011296,9.0,2
2017,MA,auto,14,14,14,227499,14,2,367.6378703704104,56.0,14
2017,MA,baby,16,15,15,306781,15,2,314.89699073974043,59.0,15
2017,MA,bed_bath_table,23,23,23,309446,23,3,525.0562731483951,85.0,23
2017,MA,books_general_interest,3,3,3,29900,3,1,74.65564814815298,14.0,3
2017,MA,christmas_supplies,1,1,1,11690,1,0,18.087534722406417,4.0,1
2017,MA,computers,5,5,5,678698,5,0,77.9124189815484,25.0,5
2017,MA,computers_accessories,29,25,25,364705,25,4,597.3300231480971,92.0,25
2017,MA,consoles_games,5,5,5,64164,5,1,153.5515624997206,18.0,5
2017,MA,construction_tools_lights,1,1,1,25000,1,1,32.44212962919846,2.0,1
2017,MA,cool_stuff,21,20,20,485449,20,4,428.78421296318993,68.0,20
2017,MA,electronics,3,3,3,19889,3,1,55.84512731479481,13.0,3
2017,MA,fashion_bags_accessories,15,14,14,86906,14,0,218.77849537087604,60.0,14
2017,MA,fashion_male_clothing,1,1,1,5990,1,0,20.74837962957099,4.0,1
2017,MA,fashion_shoes,1,1,1,2790,1,0,15.674618055578321,5.0,1
2017,MA,fashion_sport,1,1,1,20590,1,0,19.786967592313886,1.0,1
2017,MA,fixed_telephony,1,1,1,9000,1,0,12.790486111305654,4.0,1
2017,MA,food_drink,2,2,2,10399,2,1,61.58280092570931,5.5,2
2017,MA,furniture_decor,26,25,25,268790,25,5,551.749201388564,101.0,25
2017,MA,furniture_living_room,1,1,1,13990,1,1,49.18209490738809,1.0,1
2017,MA,garden_tools,10,9,9,99319,9,3,224.85083333402872,22.0,9
2017,MA,health_beauty,29,28,28,405093,28,6,579.4781018523499,99.0,27
2017,MA,home_appliances,2,2,2,119780,2,0,27.92715277755633,10.0,2
2017,MA,home_confort,1,1,1,59900,1,0,17.434548610821366,5.0,1
2017,MA,home_construction,2,2,2,38427,2,0,42.961956018581986,3.0,2
2017,MA,housewares,9,9,9,106748,9,5,271.0974421291612,29.0,9
2017,MA,luggage_accessories,5,5,5,87645,5,0,102.46660879673436,19.0,5
2017,MA,market_place,3,3,3,20488,3,0,46.36129629658535,11.0,3
2017,MA,musical_instruments,6,6,6,245215,6,0,139.8339699069038,23.0,6
2017,MA,office_furniture,4,4,4,158982,4,1,93.33412037044764,11.0,4
2017,MA,perfumery,22,22,22,334865,22,1,468.1928587965667,93.0,22
2017,MA,pet_shop,6,6,6,51754,6,1,130.23019675863907,26.0,6
2017,MA,sports_leisure,33,32,32,287871,32,4,644.9164236104116,127.5,32
2017,MA,stationery,7,7,7,63476,7,1,150.04140046332031,25.0,7
2017,MA,tablets_printing_image,1,1,1,15299,1,0,14.958460648078471,5.0,1
2017,MA,telephony,34,33,33,289484,33,5,662.2824189830571,119.0,33
2017,MA,toys,11,10,10,93716,10,0,187.7853703694418,41.0,10
2017,MA,watches_gifts,19,19,19,239554,19,3,420.39324074145406,77.0,18
2017,MG,Unknown,99,98,98,1014101,98,3,1105.832083334215,408.0,98
2017,MG,agro_industry_and_commerce,4,4,4,716459,4,0,45.803240740671754,13.0,4
2017,MG,air_conditioning,10,10,10,227722,10,0,107.14281249977648,40.0,10
2017,MG,art,4,4,4,34980,4,0,43.059189815074205,19.0,4
2017,MG,arts_and_craftmanship,2,2,2,15189,2,0,13.486215278040618,10.0,2
2017,MG,audio,18,17,17,153909,17,0,221.5205671293661,68.0,17
2017,MG,auto,169,164,164,2922248,164,8,2179.54260416748,678.0,163
2017,MG,baby,140,138,138,1676933,138,7,1673.892546297051,579.0,138
2017,MG,bed_bath_table,569,565,565,6424801,565,21,7813.167175930925,2239.5,560
2017,MG,books_general_interest,21,21,21,203071,21,0,270.50137731432915,104.0,21
2017,MG,books_imported,3,2,2,11899,2,1,37.61500000022352,6.0,2
2017,MG,books_technical,2,2,2,18900,2,0,22.97665509255603,10.0,2
2017,MG,christmas_supplies,11,10,10,71785,10,0,129.42432870389894,37.0,10
2017,MG,cine_photo,2,2,2,12800,2,0,35.25381944468245,8.0,2
2017,MG,computers,15,15,15,1847500,15,0,164.9520254638046,66.0,15
2017,MG,computers_accessories,324,319,319,4304766,319,6,3612.53943287069,1300.0,317
2017,MG,consoles_games,71,69,69,895103,69,4,889.9439236121252,304.0,69
2017,MG,construction_tools_construction,17,16,16,442215,16,3,260.45739583252,65.0,16
2017,MG,construction_tools_lights,3,3,3,75000,3,0,50.24998842552304,15.0,3
2017,MG,construction_tools_safety,4,3,3,33870,3,0,24.811226851772517,13.0,3
2017,MG,cool_stuff,282,278,278,4913135,278,6,3014.258726852946,1209.0,277
2017,MG,costruction_tools_garden,11,10,10,148970,10,1,135.62065972201526,40.0,10
2017,MG,costruction_tools_tools,2,2,2,5980,2,0,24.610057870857418,9.0,2
2017,MG,drinks,7,7,7,101496,7,0,114.01952546276152,29.0,7
2017,MG,dvds_blu_ray,2,2,2,15989,2,1,45.86269675893709,5.0,2
2017,MG,electronics,97,97,97,616508,97,3,1269.3584490758367,391.0,95
2017,MG,fashio_female_clothing,5,5,5,39079,5,0,58.15307870367542,22.0,5
2017,MG,fashion_bags_accessories,141,136,136,1206381,136,5,1376.1625000000931,572.0,135
2017,MG,fashion_male_clothing,12,12,12,125603,12,0,148.8363773142919,39.0,12
2017,MG,fashion_shoes,29,29,29,224418,29,1,462.6604629633948,118.0,28
2017,MG,fashion_sport,2,2,2,26490,2,0,13.085324074141681,10.0,2
2017,MG,fashion_underwear_beach,9,9,9,78650,9,0,92.11348379636183,42.0,9
2017,MG,fixed_telephony,9,9,9,18282,9,0,97.12706018425524,31.0,8
2017,MG,flowers,1,1,1,1680,1,0,12.906180555466563,4.0,1
2017,MG,food,9,8,8,86073,8,0,61.06334490748122,36.0,8
2017,MG,food_drink,9,9,9,74569,9,0,65.60107638919726,41.0,9
2017,MG,furniture_bedroom,4,4,4,121980,4,0,45.08222222235054,20.0,4
2017,MG,furniture_decor,352,343,343,3399905,343,9,4479.620868058875,1424.0,339
2017,MG,furniture_living_room,25,24,24,505044,24,2,396.8103587948717,95.0,23
2017,MG,furniture_mattress_and_upholstery,2,2,2,48649,2,0,29.399849536828697,8.0,2
2017,MG,garden_tools,262,260,260,2984370,260,7,3337.821585645899,1091.0,258
2017,MG,health_beauty,405,391,391,5401235,391,5,4386.610925929155,1693.5,389
2017,MG,home_appliances,16,15,15,179664,15,1,194.59812500001863,60.0,15
2017,MG,home_appliances_2,12,11,11,274730,11,2,326.50918981432915,42.0,11
2017,MG,home_comfort_2,1,1,1,1290,1,0,16.985821759328246,4.0,1
2017,MG,home_confort,38,38,38,558190,38,1,528.8606944442727,159.0,38
2017,MG,home_construction,13,13,13,203113,13,1,170.58405092684552,41.0,12
2017,MG,housewares,296,287,287,2766319,287,4,3340.7905902788043,1184.0,286
2017,MG,industry_commerce_and_business,1,1,1,11900,1,0,8.357245370279998,3.0,1
2017,MG,kitchen_dining_laundry_garden_furniture,12,12,12,199828,12,0,144.53282407391816,52.0,12
2017,MG,la_cuisine,2,2,2,26600,2,0,13.75503472238779,10.0,2
2017,MG,luggage_accessories,88,87,87,1086940,87,0,742.8278819448315,402.0,87
2017,MG,market_place,19,19,19,169477,19,0,202.72798611037433,81.0,19
2017,MG,music,1,1,1,32900,1,0,14.158460647799075,5.0,1
2017,MG,musical_instruments,33,32,32,1536091,32,3,442.29353009164333,139.0,31
2017,MG,office_furniture,71,71,71,1577035,71,1,1236.7590393507853,259.0,71
2017,MG,party_supplies,1,1,1,57120,1,0,19.68466435186565,4.0,1
2017,MG,pc_gamer,1,1,1,12999,1,0,7.9264236111193895,1.0,1
2017,MG,perfumery,204,198,198,2838901,198,6,2315.1343750031665,856.0,197
2017,MG,pet_shop,88,88,88,1025454,88,2,949.1047337972559,390.0,88
2017,MG,signaling_and_security,3,3,3,26190,3,0,21.491631944663823,15.0,3
2017,MG,small_appliances,29,29,29,698228,29,1,353.80864583095536,120.0,28
2017,MG,small_appliances_home_oven_and_coffee,1,1,1,7190,1,0,12.381238425616175,5.0,1
2017,MG,sports_leisure,415,409,409,4815945,409,9,4676.420925928745,1771.0,408
2017,MG,stationery,95,93,93,992312,93,1,975.7697800905444,399.0,93
2017,MG,tablets_printing_image,8,8,8,79970,8,0,100.46072916733101,31.0,8
2017,MG,telephony,255,247,247,1531524,247,7,2892.120891205501,1038.0,246
2017,MG,toys,310,305,305,3743453,305,10,3504.3815740747377,1341.0,304
2017,MG,watches_gifts,212,207,207,5102368,207,3,2400.3392708338797,877.0,206
2017,MS,Unknown,5,5,5,28168,5,0,72.76222222298384,17.0,5
2017,MS,agro_industry_and_commerce,2,2,2,11489,2,0,37.4576504630968,7.0,2
2017,MS,audio,1,1,1,19090,1,0,20.152939815074205,5.0,1
2017,MS,auto,6,6,6,372608,6,1,123.56284722266719,24.0,6
2017,MS,baby,12,12,12,299628,12,1,181.5632754629478,49.0,12
2017,MS,bed_bath_table,33,33,33,396095,33,1,548.7440277780406,139.0,33
2017,MS,books_general_interest,2,2,2,23100,2,0,42.36850694427267,7.0,2
2017,MS,books_technical,1,1,1,7000,1,0,7.084826388861984,4.0,1
2017,MS,christmas_supplies,1,1,1,3560,1,0,24.178460648283362,1.0,1
2017,MS,computers_accessories,23,22,22,566025,22,1,278.6886342591606,106.0,22
2017,MS,consoles_games,6,6,6,46807,6,0,74.40001157391816,29.0,6
2017,MS,construction_tools_construction,2,2,2,33892,2,0,29.720486111473292,9.0,2
2017,MS,construction_tools_safety,1,1,1,12290,1,0,7.470810185186565,1.0,1
2017,MS,cool_stuff,15,14,14,322372,14,0,189.79980323975906,57.0,13
2017,MS,costruction_tools_garden,1,1,1,14599,1,0,11.236215278040618,5.0,1
2017,MS,drinks,1,1,1,5749,1,0,17.346782407257706,4.0,1
2017,MS,dvds_blu_ray,3,3,3,44880,3,0,37.41188657423481,10.0,3
2017,MS,electronics,3,3,3,28195,3,0,59.333877314813435,15.0,3
2017,MS,fashion_bags_accessories,5,5,5,60878,5,0,74.85038194572553,20.0,5
2017,MS,fashion_shoes,2,2,2,35760,2,0,36.01491898158565,10.0,2
2017,MS,fashion_underwear_beach,2,2,2,38200,2,0,26.195567129645497,10.0,2
2017,MS,fixed_telephony,1,1,1,3299,1,0,20.75604166649282,5.0,1
2017,MS,food_drink,1,1,1,1860,1,0,12.39618055569008,4.0,1
2017,MS,furniture_decor,16,16,16,203055,16,1,218.17710648151115,75.0,16
2017,MS,furniture_living_room,2,2,2,27890,2,0,30.020393518265337,10.0,2
2017,MS,garden_tools,10,10,10,387488,10,1,136.69714120402932,40.0,10
2017,MS,health_beauty,27,27,27,396441,27,1,408.9049074081704,113.0,27
2017,MS,home_appliances,3,3,3,10500,3,0,32.44849537080154,15.0,3
2017,MS,home_appliances_2,1,1,1,18990,1,0,18.389594907406718,3.0,1
2017,MS,housewares,17,17,17,832166,17,0,246.68065972067416,76.0,17
2017,MS,industry_commerce_and_business,1,1,1,8990,1,0,22.111458333209157,4.0,1
2017,MS,luggage_accessories,4,4,4,41060,4,0,66.96072916686535,18.0,4
2017,MS,musical_instruments,1,1,1,38900,1,0,18.286932870279998,5.0,1
2017,MS,office_furniture,1,1,1,11999,1,0,16.1765740737319,5.0,1
2017,MS,perfumery,7,6,6,67277,6,0,64.11785879638046,25.0,6
2017,MS,pet_shop,7,7,7,79569,7,0,132.38679398177192,32.0,7
2017,MS,small_appliances,2,2,2,3389,2,0,28.10143518494442,10.0,2
2017,MS,sports_leisure,29,28,28,326087,28,0,351.86267360905185,124.0,28
2017,MS,stationery,7,7,7,52520,7,0,100.78503472171724,30.0,7
2017,MS,tablets_printing_image,1,1,1,19800,1,0,14.028113425709307,5.0,1
2017,MS,telephony,7,7,7,20344,7,1,106.45226851850748,30.0,7
2017,MS,toys,18,16,16,203273,16,1,261.73253472242504,60.0,16
2017,MS,watches_gifts,7,7,7,142480,7,0,85.72304398193955,31.0,7
2017,MT,Unknown,6,6,6,37037,6,1,131.13336805533618,21.0,6
2017,MT,air_conditioning,1,1,1,19900,1,0,11.285208333283663,4.0,1
2017,MT,auto,18,18,18,595485,18,2,332.02809027628973,87.0,18
2017,MT,baby,18,17,17,351217,17,0,232.68620370188728,63.0,17
2017,MT,bed_bath_table,29,29,29,344349,29,1,506.4517939798534,126.5,29
2017,MT,books_technical,1,1,1,7900,1,0,15.976168981287628,4.0,1
2017,MT,computers,2,2,2,288999,2,0,36.0158680556342,10.0,2
2017,MT,computers_accessories,26,26,26,616644,26,1,447.59842592757195,103.0,25
2017,MT,consoles_games,5,5,5,117899,5,0,105.63723379606381,22.0,5
2017,MT,construction_tools_construction,1,1,1,6990,1,0,10.607013889122754,4.0,1
2017,MT,construction_tools_lights,1,1,1,25000,1,0,15.169236111454666,5.0,1
2017,MT,cool_stuff,28,27,27,434432,27,1,449.0273263887502,121.0,27
2017,MT,electronics,10,10,10,55553,10,0,173.38909722305834,38.0,10
2017,MT,fashion_bags_accessories,5,5,5,22690,5,1,84.54526620404795,24.0,5
2017,MT,fashion_shoes,1,1,1,15790,1,0,11.926099537406117,5.0,1
2017,MT,fashion_underwear_beach,1,0,0,0,0,0,0,0,0
2017,MT,food,2,2,2,44970,2,0,46.5980208334513,10.0,2
2017,MT,furniture_bedroom,1,1,1,46980,1,0,19.363414351828396,5.0,1
2017,MT,furniture_decor,29,29,29,301087,29,0,538.2840509270318,101.0,27
2017,MT,furniture_living_room,1,1,1,19999,1,0,19.27383101824671,5.0,1
2017,MT,garden_tools,23,21,21,558859,21,0,428.8031712961383,70.0,21
2017,MT,health_beauty,34,34,34,646945,34,2,624.4418634255417,133.0,34
2017,MT,home_appliances,5,5,5,53529,5,0,95.15396990766749,23.0,5
2017,MT,home_appliances_2,3,2,2,60589,2,1,57.586805555038154,5.0,2
2017,MT,home_confort,2,2,2,35880,2,0,36.23781249998137,10.0,2
2017,MT,home_construction,1,1,1,35579,1,0,25.37634259276092,4.0,1
2017,MT,housewares,9,9,9,91215,9,0,147.8990856478922,40.0,9
2017,MT,kitchen_dining_laundry_garden_furniture,1,1,1,56400,1,0,16.011550926137716,3.0,1
2017,MT,luggage_accessories,5,5,5,75369,5,0,86.92578703677282,22.0,5
2017,MT,market_place,3,3,3,49244,3,0,63.177199074067175,13.0,3
2017,MT,musical_instruments,1,1,1,11990,1,0,30.154351851902902,3.0,1
2017,MT,office_furniture,7,7,7,260943,7,2,237.2972106486559,16.0,6
2017,MT,perfumery,13,13,13,201315,13,1,242.36481481511146,60.0,13
2017,MT,pet_shop,6,5,5,128173,5,1,99.74849536968395,25.0,5
2017,MT,small_appliances,5,5,5,248790,5,0,65.51281249988824,24.0,5
2017,MT,sports_leisure,31,29,29,272608,29,3,583.4628125010058,108.0,29
2017,MT,stationery,12,12,12,167110,12,2,240.36270833341405,48.0,12
2017,MT,tablets_printing_image,2,2,2,5080,2,0,30.968101851642132,4.0,2
2017,MT,telephony,23,23,23,68399,23,2,391.8296180572361,88.0,23
2017,MT,toys,22,22,22,347273,22,3,472.6025578696281,86.0,22
2017,MT,watches_gifts,29,29,29,876907,29,1,461.2814351860434,120.0,29
2017,PA,Unknown,8,8,8,747250,8,0,149.0017361114733,34.0,8
2017,PA,art,1,1,1,6990,1,0,20.154768518637866,5.0,1
2017,PA,auto,19,18,18,323258,18,3,510.93038194347173,57.0,18
2017,PA,baby,16,16,16,330739,16,2,330.94884259300306,57.0,16
2017,PA,bed_bath_table,22,22,22,251347,22,2,525.7117592613213,72.0,22
2017,PA,books_general_interest,1,1,1,600,1,0,23.373298611026257,4.0,1
2017,PA,computers,2,2,2,193000,2,0,37.24231481505558,6.0,2
2017,PA,computers_accessories,45,43,43,601841,43,1,967.7203356469981,186.0,43
2017,PA,consoles_games,8,8,8,92798,8,2,346.6530555561185,34.0,8
2017,PA,cool_stuff,31,30,30,416629,30,2,600.1285300920717,118.0,29
2017,PA,electronics,11,11,11,87279,11,0,247.1902199080214,39.0,11
2017,PA,fashion_bags_accessories,17,17,17,128716,17,3,397.61932870326564,57.0,17
2017,PA,fashion_male_clothing,2,2,2,25689,2,0,47.36675925925374,10.0,2
2017,PA,fashion_shoes,3,3,3,34270,3,0,85.5634606485255,12.0,3
2017,PA,fashion_sport,1,1,1,15960,1,0,22.019537036772817,4.0,1
2017,PA,fashion_underwear_beach,2,2,2,12180,2,0,39.91033564833924,8.0,2
2017,PA,fixed_telephony,1,1,1,57799,1,1,37.32540509244427,0,0
2017,PA,food_drink,1,1,1,6460,1,0,19.19003472244367,5.0,1
2017,PA,furniture_decor,21,21,21,281047,21,1,421.53005787171423,85.0,21
2017,PA,furniture_living_room,1,1,1,17999,1,0,20.758958333637565,4.0,1
2017,PA,garden_tools,16,16,16,413015,16,0,385.9849074068479,71.0,16
2017,PA,health_beauty,44,43,43,1061079,43,1,893.5567708350718,170.0,43
2017,PA,home_appliances,6,5,5,25070,5,0,129.1642824076116,15.0,5
2017,PA,housewares,15,15,15,263901,15,0,282.2112037036568,68.0,15
2017,PA,kitchen_dining_laundry_garden_furniture,1,1,1,4890,1,0,21.19018518505618,5.0,1
2017,PA,luggage_accessories,4,4,4,83613,4,0,57.62079861108214,20.0,4
2017,PA,market_place,5,5,5,48516,5,0,67.8360069449991,23.0,5
2017,PA,musical_instruments,7,7,7,122437,7,0,116.93498842557892,31.0,7
2017,PA,office_furniture,12,12,12,239263,12,0,306.65668981615454,41.0,12
2017,PA,perfumery,21,21,21,311095,21,0,373.733263888862,101.0,21
2017,PA,pet_shop,7,7,7,158518,7,0,144.0058333328925,29.0,7
2017,PA,small_appliances,6,6,6,309269,6,0,92.05224537057802,24.0,6
2017,PA,sports_leisure,36,34,34,510363,34,5,828.3006597212516,142.0,34
2017,PA,stationery,8,8,8,62611,8,1,159.07827546354383,35.0,8
2017,PA,tablets_printing_image,2,2,2,25199,2,0,19.720914352219552,8.0,2
2017,PA,telephony,43,43,43,378803,43,2,932.9835879625753,165.0,43
2017,PA,toys,21,21,21,252547,21,2,511.36887731496245,86.0,21
2017,PA,watches_gifts,35,32,32,942125,32,3,710.1991550936364,132.0,32
2017,PB,Unknown,7,6,6,255077,6,0,78.65056712925434,29.0,6
2017,PB,agro_industry_and_commerce,1,1,1,5999,1,0,16.654641204047948,4.0,1
2017,PB,audio,1,1,1,7900,1,1,42.12988425930962,2.0,1
2017,PB,auto,10,10,10,212913,10,2,263.2231712965295,41.0,10
2017,PB,baby,7,6,6,72980,6,2,184.63578703673556,20.0,6
2017,PB,bed_bath_table,18,18,18,235380,18,0,347.02417824137956,65.0,17
2017,PB,books_general_interest,2,2,2,15469,2,0,34.597708333749324,10.0,2
2017,PB,computers,3,3,3,253800,3,0,64.64641203684732,7.0,3
2017,PB,computers_accessories,14,14,14,390262,14,3,388.5395833346993,57.0,13
2017,PB,consoles_games,4,4,4,44750,4,0,73.81952546304092,16.0,4
2017,PB,construction_tools_safety,1,1,1,13090,1,0,17.175694444216788,4.0,1
2017,PB,cool_stuff,15,15,15,423407,15,0,240.05225694458932,62.0,14
2017,PB,costruction_tools_garden,1,1,1,59990,1,0,8.460925925988704,5.0,1
2017,PB,electronics,4,4,4,15020,4,0,87.36328703677282,16.0,4
2017,PB,fashio_female_clothing,1,1,1,10980,1,1,25.933483796194196,5.0,1
2017,PB,fashion_bags_accessories,8,7,7,61438,7,0,98.0970370369032,30.0,7
2017,PB,fashion_shoes,1,1,1,14364,1,0,24.42813657410443,1.0,1
2017,PB,fixed_telephony,2,2,2,44880,2,0,41.12424768554047,10.0,2
2017,PB,food,1,1,1,9900,1,0,30.453171296510845,5.0,1
2017,PB,furniture_decor,19,19,19,208022,19,2,432.2990277777426,86.0,19
2017,PB,furniture_living_room,1,1,1,32990,1,1,35.731979166623205,0,0
2017,PB,garden_tools,9,9,9,529160,9,1,270.2892129626125,35.0,8
2017,PB,health_beauty,35,33,33,754546,33,6,743.310671296902,134.0,33
2017,PB,home_appliances,1,1,1,22000,1,0,18.573414352256805,4.0,1
2017,PB,home_construction,1,1,1,31125,1,0,12.486493055708706,5.0,1
2017,PB,housewares,8,8,8,128900,8,4,240.3922916664742,19.0,8
2017,PB,industry_commerce_and_business,2,2,2,23297,2,0,43.59436342585832,6.0,2
2017,PB,kitchen_dining_laundry_garden_furniture,1,1,1,40900,1,0,22.00240740738809,4.0,1
2017,PB,luggage_accessories,4,4,4,51669,4,0,51.954571759328246,19.0,4
2017,PB,market_place,2,2,2,42280,2,0,33.688124999869615,10.0,2
2017,PB,musical_instruments,2,2,2,80390,2,0,35.285567129496485,6.0,2
2017,PB,office_furniture,3,3,3,41949,3,0,86.65350694442168,9.0,3
2017,PB,perfumery,13,13,13,150336,13,0,222.4522453704849,61.0,13
2017,PB,pet_shop,4,4,4,43569,4,0,98.67722222208977,13.0,4
2017,PB,small_appliances,1,1,1,38890,1,0,11.358263888861984,5.0,1
2017,PB,sports_leisure,16,13,13,186476,13,0,249.91008101869375,56.0,13
2017,PB,stationery,6,6,6,83178,6,2,169.17824074067175,19.0,6
2017,PB,telephony,9,8,8,43876,8,2,188.09275462990627,25.0,8
2017,PB,toys,7,7,7,53858,7,2,185.6092013893649,28.0,7
2017,PB,watches_gifts,12,11,11,262090,11,1,220.73104166658595,41.0,11
2017,PE,Unknown,8,8,8,265819,8,2,163.9883101847954,32.0,8
2017,PE,agro_industry_and_commerce,3,3,3,426498,3,1,80.5017013894394,12.0,3
2017,PE,air_conditioning,1,0,0,0,0,0,0,0,0
2017,PE,audio,4,4,4,44179,4,0,76.9195601856336,19.0,4
2017,PE,auto,30,25,25,307967,25,2,428.7317824070342,103.0,25
2017,PE,baby,15,15,15,150123,15,2,319.2777662044391,63.0,14
2017,PE,bed_bath_table,50,49,49,574497,49,5,1085.9996875035577,176.0,47
2017,PE,books_general_interest,5,5,5,42869,5,1,93.35866898158565,24.0,5
2017,PE,books_technical,2,2,2,19090,2,0,21.570543981157243,10.0,2
2017,PE,computers,6,5,5,544898,5,1,118.17817129567266,20.0,5
2017,PE,computers_accessories,41,41,41,537514,41,6,865.9748726869002,161.0,41
2017,PE,consoles_games,16,16,16,440624,16,3,387.7339351857081,60.0,16
2017,PE,construction_tools_construction,2,2,2,163700,2,0,41.53484953707084,9.0,2
2017,PE,construction_tools_safety,2,1,1,20000,1,0,19.375752314925194,4.0,1
2017,PE,cool_stuff,35,35,35,708056,35,4,723.0410185162909,141.0,35
2017,PE,dvds_blu_ray,2,2,2,3480,2,1,47.07071759272367,5.0,2
2017,PE,electronics,13,12,12,71335,12,1,245.13333333376795,54.0,12
2017,PE,fashion_bags_accessories,21,18,18,147596,18,1,285.80738426046446,74.0,18
2017,PE,fashion_shoes,7,6,6,50900,6,0,107.09041666705161,29.0,6
2017,PE,fashion_underwear_beach,2,2,2,20190,2,1,66.75291666667908,6.0,2
2017,PE,fixed_telephony,3,3,3,8988,3,0,64.87785879615694,13.0,3
2017,PE,food,6,6,6,49566,6,1,102.94532407354563,26.0,6
2017,PE,food_drink,2,2,2,43112,2,0,38.78481481457129,8.0,2
2017,PE,furniture_bedroom,1,0,0,0,0,0,0,0,0
2017,PE,furniture_decor,37,36,36,397310,36,2,677.963993055746,126.0,36
2017,PE,furniture_living_room,3,2,2,16890,2,1,59.002245370298624,9.0,2
2017,PE,garden_tools,32,31,31,333628,31,1,591.7191203697585,132.0,31
2017,PE,health_beauty,86,83,83,1533773,83,7,1512.5947337951511,340.0,81
2017,PE,home_appliances,2,2,2,9015,2,0,31.08746527740732,8.0,2
2017,PE,home_appliances_2,1,1,1,20999,1,0,21.53964120382443,3.0,1
2017,PE,home_confort,4,4,4,83860,4,0,68.73555555567145,9.0,4
2017,PE,home_construction,2,2,2,58675,2,0,31.254236111417413,8.0,2
2017,PE,housewares,24,23,23,174183,23,0,371.5773611101322,98.0,23
2017,PE,industry_commerce_and_business,1,1,1,36900,1,0,12.243032407481223,5.0,1
2017,PE,kitchen_dining_laundry_garden_furniture,2,2,2,62800,2,0,39.967233796138316,8.0,2
2017,PE,luggage_accessories,8,8,8,105738,8,2,198.10237268544734,33.0,8
2017,PE,market_place,3,3,3,27496,3,0,30.209259258583188,13.0,3
2017,PE,musical_instruments,4,4,4,435301,4,0,88.19706018548459,16.0,4
2017,PE,office_furniture,10,10,10,141540,10,2,308.8364814808592,32.0,10
2017,PE,pc_gamer,1,1,1,12999,1,0,14.931215277407318,4.0,1
2017,PE,perfumery,26,25,25,305331,25,3,458.9748263899237,96.0,25
2017,PE,pet_shop,14,14,14,194516,14,2,291.9205324095674,51.0,14
2017,PE,small_appliances,1,1,1,1699,1,0,22.523229166399688,2.0,1
2017,PE,small_appliances_home_oven_and_coffee,1,1,1,64099,1,0,10.225243055727333,1.0,1
2017,PE,sports_leisure,81,75,75,1087777,75,4,1365.3111111130565,293.0,74
2017,PE,stationery,21,20,20,226358,20,1,402.7635185178369,83.0,20
2017,PE,tablets_printing_image,2,2,2,19800,2,0,38.820358796510845,10.0,2
2017,PE,telephony,47,46,46,403867,46,2,971.3036689818837,199.0,46
2017,PE,toys,41,39,39,595099,39,4,695.988935184665,166.0,39
2017,PE,watches_gifts,40,40,40,653945,40,5,733.5733217573725,165.0,40
2017,PI,Unknown,2,2,2,14400,2,0,57.934861110989004,8.0,2
2017,PI,agro_industry_and_commerce,2,2,2,28899,2,0,19.791493055410683,8.0,2
2017,PI,air_conditioning,1,1,1,10000,1,0,21.395578703377396,5.0,1
2017,PI,audio,1,1,1,19000,1,0,20.07152777770534,5.0,1
2017,PI,auto,12,11,11,341770,11,2,227.65642361156642,41.0,11
2017,PI,baby,7,7,7,207169,7,0,98.58829861180857,29.0,7
2017,PI,bed_bath_table,11,11,11,214248,11,2,231.53002314735204,39.0,11
2017,PI,books_general_interest,1,1,1,13390,1,0,10.189502315130085,5.0,1
2017,PI,books_technical,1,1,1,9000,1,0,22.094560184981674,5.0,1
2017,PI,computers,1,1,1,73000,1,0,13.126944444607943,5.0,1
2017,PI,computers_accessories,14,13,13,119278,13,1,222.82281249947846,52.0,12
2017,PI,consoles_games,4,3,3,76999,3,0,49.75112268468365,14.0,3
2017,PI,cool_stuff,16,16,16,296188,16,0,261.1260532406159,72.0,16
2017,PI,costruction_tools_garden,1,1,1,6790,1,0,13.563148148357868,5.0,1
2017,PI,drinks,1,1,1,9000,1,0,9.925451389048249,5.0,1
2017,PI,electronics,6,6,6,30770,6,1,138.90834490768611,24.0,6
2017,PI,fashion_bags_accessories,4,3,3,15890,3,0,34.05478009255603,12.0,3
2017,PI,fashion_underwear_beach,1,1,1,15200,1,0,25.854224537033588,1.0,1
2017,PI,food_drink,1,1,1,21556,1,0,6.252418981399387,4.0,1
2017,PI,furniture_decor,9,7,7,55836,7,1,117.93353009270504,29.0,7
2017,PI,furniture_living_room,2,2,2,21980,2,0,39.81971064815298,10.0,2
2017,PI,garden_tools,11,11,11,318965,11,2,202.09741898160428,49.0,11
2017,PI,health_beauty,18,18,18,271747,18,2,309.58197916671634,74.0,18
2017,PI,home_appliances,2,2,2,4950,2,0,21.307384259533137,9.0,2
2017,PI,home_appliances_2,1,1,1,59950,1,0,19.43112268531695,5.0,1
2017,PI,home_confort,1,1,1,8990,1,0,13.152928240597248,5.0,1
2017,PI,home_construction,1,1,1,29600,1,1,38.39974537026137,5.0,1
2017,PI,housewares,5,5,5,50979,5,1,97.40837963018566,17.0,4
2017,PI,industry_commerce_and_business,1,1,1,74800,1,0,9.055763888638467,5.0,1
2017,PI,luggage_accessories,2,2,2,25080,2,0,28.988425925839692,6.0,2
2017,PI,market_place,3,2,2,10289,2,0,34.73806712962687,9.0,2
2017,PI,musical_instruments,3,3,3,60160,3,1,75.42622685199603,7.0,3
2017,PI,office_furniture,3,3,3,51994,3,2,267.3118634261191,10.0,3
2017,PI,perfumery,8,7,7,71776,7,1,124.87276620417833,25.0,7
2017,PI,pet_shop,3,3,3,91899,3,0,48.81521990802139,15.0,3
2017,PI,sports_leisure,11,11,11,120983,11,0,173.66565972333774,52.0,11
2017,PI,stationery,4,4,4,69280,4,0,68.57630786998197,20.0,4
2017,PI,tablets_printing_image,3,3,3,29700,3,0,48.95432870415971,9.0,3
2017,PI,telephony,16,15,15,109805,15,2,305.54714120319113,64.0,15
2017,PI,toys,20,20,20,250012,20,1,334.8156597232446,73.0,19
2017,PI,watches_gifts,13,13,13,216235,13,3,393.79550925735384,52.0,13
2017,PR,Unknown,38,36,36,432956,36,1,436.3426388883963,155.0,36
2017,PR,agro_industry_and_commerce,4,4,4,273496,4,0,48.76236111158505,12.0,4
2017,PR,air_conditioning,3,3,3,58232,3,0,49.42883101850748,12.0,3
2017,PR,art,1,0,0,0,0,0,0,0,0
2017,PR,audio,7,7,7,55849,7,1,96.93672453658655,27.0,7
2017,PR,auto,80,76,76,1234793,76,3,1031.6922685177997,305.0,76
2017,PR,baby,61,58,58,663924,58,0,668.3514583362266,259.0,57
2017,PR,bed_bath_table,196,193,193,2347462,193,6,2525.2991898166947,779.0,192
2017,PR,books_general_interest,16,16,16,157402,16,1,163.9466435178183,79.0,16
2017,PR,books_imported,1,1,1,7700,1,0,13.676932870410383,4.0,1
2017,PR,books_technical,4,4,4,87973,4,0,60.736921296454966,16.0,4
2017,PR,christmas_supplies,4,4,4,14076,4,1,71.36113425903022,16.0,4
2017,PR,computers,3,3,3,603698,3,0,48.233171296305954,13.0,3
2017,PR,computers_accessories,134,132,132,1753415,132,2,1653.4758680523373,540.5,131
2017,PR,consoles_games,19,18,18,174467,18,0,203.6257870378904,80.0,18
2017,PR,construction_tools_construction,6,6,6,59649,6,0,71.9200347228907,29.0,6
2017,PR,construction_tools_safety,3,3,3,78536,3,0,36.427905093412846,10.0,3
2017,PR,cool_stuff,125,124,124,2333707,124,0,1429.5118402782828,544.0,123
2017,PR,dvds_blu_ray,1,1,1,2980,1,0,14.016319444403052,5.0,1
2017,PR,electronics,61,60,60,434153,60,3,801.1391435186379,238.0,60
2017,PR,fashio_female_clothing,2,2,2,8990,2,0,26.03680555522442,8.0,2
2017,PR,fashion_bags_accessories,56,56,56,472178,56,2,640.9375231489539,239.0,55
2017,PR,fashion_male_clothing,8,8,8,86629,8,0,95.19201388861984,34.0,8
2017,PR,fashion_shoes,15,15,15,101022,15,0,205.99252314819023,62.0,13
2017,PR,fashion_sport,1,1,1,4990,1,0,8.816817129496485,5.0,1
2017,PR,fashion_underwear_beach,6,6,6,26558,6,0,110.44592592585832,25.0,6
2017,PR,fixed_telephony,5,5,5,13683,5,0,49.688310185447335,22.0,5
2017,PR,food,8,7,7,31916,7,1,94.62936342600733,34.0,7
2017,PR,food_drink,8,8,8,44069,8,1,120.72355324029922,32.0,8
2017,PR,furniture_bedroom,8,7,7,6330,7,0,81.72414351860061,35.0,7
2017,PR,furniture_decor,174,171,171,2210644,171,9,2284.8657638859004,650.5,171
2017,PR,furniture_living_room,7,7,7,95573,7,0,100.75353009300306,29.0,7
2017,PR,garden_tools,101,100,100,1111073,100,5,1385.645891202148,435.0,100
2017,PR,health_beauty,162,159,159,2228863,159,4,1771.4856018535793,700.0,159
2017,PR,home_appliances,14,14,14,231580,14,0,129.20817129593343,68.0,14
2017,PR,home_appliances_2,2,2,2,19098,2,0,30.278518518432975,9.0,2
2017,PR,home_comfort_2,1,1,1,1290,1,0,12.224004629533738,5.0,1
2017,PR,home_confort,8,8,8,109650,8,0,95.42453703703359,33.0,8
2017,PR,home_construction,3,3,3,114700,3,0,32.09250000026077,11.0,3
2017,PR,housewares,111,110,110,881223,110,4,1374.7553356471471,460.0,110
2017,PR,industry_commerce_and_business,2,1,1,14597,1,0,7.760034722276032,4.0,1
2017,PR,kitchen_dining_laundry_garden_furniture,5,5,5,148990,5,0,52.68936342559755,22.0,5
2017,PR,luggage_accessories,26,26,26,286320,26,0,256.60521990805864,117.0,26
2017,PR,market_place,6,6,6,34052,6,0,59.04995370376855,25.0,6
2017,PR,music,4,4,4,37370,4,0,36.10040509328246,18.0,4
2017,PR,musical_instruments,11,10,10,159858,10,2,194.75511574093252,42.0,10
2017,PR,office_furniture,27,26,26,696747,26,1,490.35979166813195,95.0,26
2017,PR,party_supplies,1,1,1,25760,1,0,7.060567129869014,5.0,1
2017,PR,perfumery,71,71,71,804145,71,4,853.4922106489539,305.0,71
2017,PR,pet_shop,47,46,46,453937,46,4,636.8492939798161,202.0,46
2017,PR,signaling_and_security,2,2,2,17179,2,0,29.02847222238779,5.0,2
2017,PR,small_appliances,17,17,17,446813,17,1,201.4539583339356,81.0,17
2017,PR,sports_leisure,196,192,192,2817071,192,6,2118.0466087986715,865.0,191
2017,PR,stationery,46,46,46,426955,46,0,618.93880786933,197.0,46
2017,PR,tablets_printing_image,2,2,2,19800,2,0,17.977881944272667,10.0,2
2017,PR,telephony,107,107,107,588252,107,3,1364.9488657400943,430.0,107
2017,PR,toys,119,116,116,1390676,116,5,1379.5429976778105,510.0,115
2017,PR,watches_gifts,92,88,88,1799432,88,0,1005.831863425672,383.0,86
2017,RJ,Unknown,131,127,127,1639361,127,11,1928.2563773156144,486.0,122
2017,RJ,agro_industry_and_commerce,7,7,7,438196,7,0,85.07804398238659,25.0,7
2017,RJ,air_conditioning,26,25,25,1030625,25,1,257.4723611101508,109.0,25
2017,RJ,art,5,4,4,38770,4,0,40.434861110989004,17.0,4
2017,RJ,audio,21,21,21,306489,21,4,346.62516203848645,82.0,21
2017,RJ,auto,163,159,159,3118657,159,17,2375.1636111107655,627.0,155
2017,RJ,baby,162,157,157,1776363,157,22,2418.4776273169555,619.0,155
2017,RJ,bed_bath_table,730,710,710,7782948,710,96,12086.858680551406,2696.0,700
2017,RJ,books_general_interest,29,26,26,216592,26,2,295.99890046333894,113.0,25
2017,RJ,books_imported,1,0,0,0,0,0,0,0,0
2017,RJ,books_technical,4,4,4,51500,4,0,27.02575231483206,20.0,4
2017,RJ,cds_dvds_musicals,2,2,2,9000,2,0,20.452337962575257,8.0,2
2017,RJ,christmas_supplies,4,3,3,20920,3,0,24.632546296343207,14.0,3
2017,RJ,cine_photo,2,2,2,30100,2,1,37.42606481490657,6.0,2
2017,RJ,computers,14,14,14,1834897,14,0,178.2830555550754,55.0,13
2017,RJ,computers_accessories,354,344,344,5873901,344,27,4923.9240856431425,1424.0,341
2017,RJ,consoles_games,98,92,92,1127668,92,9,1388.5064930552617,381.0,90
2017,RJ,construction_tools_construction,23,22,22,361809,22,5,423.31488425983116,75.0,22
2017,RJ,construction_tools_lights,4,4,4,89748,4,1,62.79478009277955,12.0,4
2017,RJ,construction_tools_safety,3,3,3,63173,3,0,38.75607638852671,15.0,3
2017,RJ,cool_stuff,313,302,302,4903160,302,31,4088.9054282372817,1201.5,297
2017,RJ,costruction_tools_garden,9,9,9,204952,9,1,129.72737268405035,39.0,9
2017,RJ,costruction_tools_tools,1,1,1,14990,1,1,28.970787037163973,1.0,1
2017,RJ,drinks,10,10,10,77534,10,0,139.25369212869555,43.0,10
2017,RJ,dvds_blu_ray,9,8,8,21329,8,0,105.28804398234934,34.0,8
2017,RJ,electronics,124,124,124,1036035,124,18,1971.6894444469362,483.0,121
2017,RJ,fashio_female_clothing,2,1,1,5490,1,0,18.995995370671153,5.0,1
2017,RJ,fashion_bags_accessories,101,100,100,823466,100,5,1272.564907408785,411.0,99
2017,RJ,fashion_childrens_clothes,1,1,1,11000,1,0,2.6246180557645857,5.0,1
2017,RJ,fashion_male_clothing,10,8,8,68750,8,1,132.63057870371267,33.0,8
2017,RJ,fashion_shoes,17,16,16,132042,16,0,239.11690972186625,62.0,15
2017,RJ,fashion_sport,1,1,1,3990,1,0,9.955914351623505,5.0,1
2017,RJ,fashion_underwear_beach,12,12,12,125967,12,2,209.2881712964736,41.0,12
2017,RJ,fixed_telephony,15,13,13,1503999,13,0,120.69633101904765,57.0,13
2017,RJ,flowers,3,3,3,6120,3,0,41.27898148121312,14.0,3
2017,RJ,food,10,10,10,81119,10,0,128.38591435132548,44.0,10
2017,RJ,food_drink,20,19,19,100612,19,3,267.32285879645497,88.0,19
2017,RJ,furniture_bedroom,6,6,6,135998,6,0,102.15651620412245,29.0,6
2017,RJ,furniture_decor,451,432,432,4647757,432,43,6825.07105323812,1641.0,426
2017,RJ,furniture_living_room,40,39,39,709479,39,6,702.0536458329298,150.0,38
2017,RJ,furniture_mattress_and_upholstery,6,6,6,83499,6,0,54.91359953721985,25.0,6
2017,RJ,garden_tools,333,320,320,3981662,320,38,5232.097291668877,1262.0,319
2017,RJ,health_beauty,400,388,388,6356056,388,33,4949.042731484398,1606.5,385
2017,RJ,home_appliances,27,25,25,215680,25,2,362.2050462961197,108.0,25
2017,RJ,home_appliances_2,10,10,10,251649,10,1,201.1978009263985,32.0,9
2017,RJ,home_comfort_2,2,2,2,5160,2,0,20.675196759402752,5.0,1
2017,RJ,home_confort,35,35,35,561829,35,6,548.8182523148134,139.0,34
2017,RJ,home_construction,10,10,10,117368,10,0,130.19317129673436,45.0,10
2017,RJ,housewares,316,309,309,2789620,309,23,4314.56527777575,1241.0,307
2017,RJ,industry_commerce_and_business,4,4,4,49480,4,1,65.22627314738929,14.0,4
2017,RJ,kitchen_dining_laundry_garden_furniture,19,19,19,305218,19,2,330.38848379580304,68.0,18
2017,RJ,luggage_accessories,64,61,61,793510,61,5,736.9425462922081,257.0,59
2017,RJ,market_place,22,21,21,195246,21,0,258.70196759328246,84.0,21
2017,RJ,music,3,3,3,39189,3,0,28.417870370205492,13.0,3
2017,RJ,musical_instruments,40,37,37,1323980,37,4,559.3379050926305,145.0,35
2017,RJ,office_furniture,117,115,115,2277061,115,13,2299.1710995379835,400.0,115
2017,RJ,party_supplies,2,2,2,8980,2,0,10.05905092600733,10.0,2
2017,RJ,pc_gamer,1,1,1,12999,1,0,17.03274305537343,4.0,1
2017,RJ,perfumery,227,222,222,2888784,222,17,2833.4595833350904,886.0,220
2017,RJ,pet_shop,79,79,79,1134190,79,7,1043.1182291652076,318.0,79
2017,RJ,signaling_and_security,6,5,5,72607,5,1,78.05777777824551,13.0,4
2017,RJ,small_appliances,46,44,44,1800632,44,3,549.7627546307631,182.0,43
2017,RJ,sports_leisure,452,441,441,6097763,441,40,6281.732048612554,1807.0,438
2017,RJ,stationery,144,140,140,1534242,140,15,2159.8311342601664,564.5,139
2017,RJ,tablets_printing_image,10,10,10,90779,10,2,161.24743055505678,38.0,9
2017,RJ,telephony,205,190,190,1654625,190,19,2549.7773842536844,754.0,188
2017,RJ,toys,388,379,379,5311444,379,42,5066.126909724902,1554.5,375
2017,RJ,watches_gifts,314,300,300,7272213,300,44,4475.303344907239,1167.0,298
2017,RN,Unknown,3,3,3,20279,3,0,36.237164351623505,11.0,3
2017,RN,auto,6,6,6,116079,6,1,146.7214236119762,24.0,6
2017,RN,baby,7,7,7,74128,7,0,131.55571759212762,32.0,7
2017,RN,bed_bath_table,10,10,10,173546,10,1,254.5409606480971,34.0,10
2017,RN,books_general_interest,9,9,9,34000,9,0,45.9608796290122,45.0,9
2017,RN,christmas_supplies,1,1,1,1983,1,0,17.989606481511146,4.0,1
2017,RN,computers_accessories,14,13,13,91203,13,0,224.03112268494442,57.0,13
2017,RN,consoles_games,5,5,5,96507,5,0,90.5535300928168,23.0,5
2017,RN,cool_stuff,14,14,14,248351,14,0,253.05337962834165,65.0,14
2017,RN,costruction_tools_garden,3,3,3,16370,3,0,50.76234953710809,14.0,3
2017,RN,dvds_blu_ray,1,1,1,1690,1,0,12.357037037145346,4.0,1
2017,RN,electronics,2,1,1,8799,1,0,21.8721296293661,4.0,1
2017,RN,fashion_bags_accessories,2,2,2,35990,2,0,45.78518518479541,7.0,2
2017,RN,food,1,1,1,4200,1,0,19.34002314787358,5.0,1
2017,RN,food_drink,2,2,2,28555,2,0,24.39944444410503,10.0,2
2017,RN,furniture_decor,13,13,13,153029,13,4,322.78394675813615,39.0,13
2017,RN,furniture_mattress_and_upholstery,1,1,1,24900,1,1,49.789502314757556,1.0,1
2017,RN,garden_tools,10,10,10,193283,10,1,202.80728009343147,43.0,10
2017,RN,health_beauty,26,26,26,537785,26,1,472.8586805551313,117.0,26
2017,RN,home_appliances,1,1,1,30345,1,0,19.379629629664123,2.0,1
2017,RN,home_appliances_2,1,1,1,68990,1,0,18.06740740733221,1.0,1
2017,RN,home_confort,1,1,1,8990,1,1,174.04807870369405,3.0,1
2017,RN,home_construction,1,1,1,45260,1,0,10.147164351772517,5.0,1
2017,RN,housewares,12,12,12,76615,12,1,222.9751157402061,43.0,12
2017,RN,kitchen_dining_laundry_garden_furniture,2,2,2,33990,2,1,66.77126157423481,4.0,2
2017,RN,luggage_accessories,1,1,1,29990,1,0,15.415891204029322,4.0,1
2017,RN,market_place,2,2,2,12980,2,0,49.18402777751908,9.0,2
2017,RN,musical_instruments,1,1,1,10990,1,0,14.71343749994412,4.0,1
2017,RN,office_furniture,1,1,1,13994,1,0,22.902916666585952,4.0,1
2017,RN,perfumery,12,11,11,165086,11,3,318.9187152767554,39.0,11
2017,RN,pet_shop,7,7,7,206388,7,0,117.82604166585952,31.0,7
2017,RN,signaling_and_security,1,1,1,7500,1,0,24.977916666772217,5.0,1
2017,RN,small_appliances,2,2,2,19798,2,0,20.030289351940155,8.0,2
2017,RN,sports_leisure,13,13,13,184048,13,1,244.5281481477432,62.0,13
2017,RN,stationery,5,5,5,114160,5,1,125.74886574083939,17.0,5
2017,RN,telephony,12,12,12,175445,12,2,232.51604166673496,46.0,12
2017,RN,toys,16,16,16,114503,16,2,275.81148148095235,65.0,16
2017,RN,watches_gifts,13,13,13,328281,13,2,257.49886573990807,52.0,13
2017,RO,Unknown,2,2,2,7990,2,0,20.236712962388992,6.0,2
2017,RO,agro_industry_and_commerce,1,1,1,8800,1,0,18.649710648227483,5.0,1
2017,RO,art,1,1,1,4865,1,0,22.577222221996635,5.0,1
2017,RO,auto,6,6,6,109877,6,0,98.78347222181037,24.0,6
2017,RO,baby,5,4,4,68180,4,0,73.92106481501833,12.0,4
2017,RO,bed_bath_table,12,12,12,124557,12,0,225.84214120265096,47.0,12
2017,RO,books_general_interest,1,1,1,4499,1,0,18.55001157382503,5.0,1
2017,RO,christmas_supplies,1,1,1,6900,1,0,16.01247685169801,5.0,1
2017,RO,computers,2,2,2,249990,2,0,56.500231482088566,9.0,2
2017,RO,computers_accessories,8,8,8,58329,8,1,149.614143518731,34.0,8
2017,RO,consoles_games,1,1,1,1990,1,0,20.132129629608244,4.0,1
2017,RO,construction_tools_construction,1,1,1,37900,1,0,19.196435185149312,3.0,1
2017,RO,cool_stuff,4,4,4,89429,4,0,61.70597222261131,15.0,4
2017,RO,costruction_tools_garden,1,1,1,5890,1,0,12.586817129515111,5.0,1
2017,RO,dvds_blu_ray,1,1,1,2490,1,0,18.76721064839512,5.0,1
2017,RO,electronics,4,4,4,21170,4,0,66.73212962970138,12.0,4
2017,RO,fashion_bags_accessories,3,3,3,15969,3,0,55.55538194393739,14.0,3
2017,RO,furniture_decor,8,8,8,128288,8,0,152.62738425843418,31.0,8
2017,RO,furniture_living_room,1,1,1,13990,1,0,23.086388889234513,5.0,1
2017,RO,garden_tools,3,3,3,29380,3,0,36.682025462854654,12.0,3
2017,RO,health_beauty,11,11,11,182057,11,0,171.19995370367542,54.0,11
2017,RO,housewares,2,2,2,9597,2,0,52.04901620326564,7.0,2
2017,RO,luggage_accessories,5,5,5,101170,5,0,105.83925925940275,21.0,5
2017,RO,market_place,1,1,1,14999,1,0,25.3854398149997,5.0,1
2017,RO,musical_instruments,1,1,1,3990,1,0,25.86481481511146,5.0,1
2017,RO,office_furniture,2,2,2,23889,2,0,32.801469907630235,6.0,2
2017,RO,perfumery,4,4,4,89231,4,1,119.26835648203269,15.0,4
2017,RO,pet_shop,6,6,6,59053,6,0,122.45788194425404,25.0,6
2017,RO,security_and_services,1,1,1,18329,1,0,19.218761574476957,4.0,1
2017,RO,sports_leisure,11,10,10,240198,10,0,193.10950231458992,43.0,10
2017,RO,stationery,3,3,3,45290,3,0,62.018113425932825,10.0,3
2017,RO,telephony,9,8,8,19973,8,1,156.15509259235114,29.0,7
2017,RO,toys,10,10,10,270918,10,0,174.19925925973803,43.0,10
2017,RO,watches_gifts,8,7,7,342780,7,0,115.95440972177312,32.0,7
2017,RR,computers_accessories,3,3,3,8880,3,0,59.33300925930962,13.0,3
2017,RR,cool_stuff,2,2,2,12998,2,0,40.00462962966412,10.0,2
2017,RR,electronics,1,1,1,1365,1,0,14.999791666399688,5.0,1
2017,RR,furniture_decor,1,1,1,4500,1,0,7.954444444272667,5.0,1
2017,RR,garden_tools,1,1,1,17990,1,0,8.518344907090068,5.0,1
2017,RR,health_beauty,4,4,4,47101,4,2,163.06452546315268,8.0,4
2017,RR,home_appliances,1,1,1,12999,1,0,13.769479166716337,5.0,1
2017,RR,sports_leisure,1,1,1,23600,1,1,172.13952546287328,5.0,1
2017,RR,stationery,1,1,1,3999,1,0,17.039849537424743,4.0,1
2017,RR,telephony,3,3,3,7044,3,0,81.02444444410503,11.0,3
2017,RS,Unknown,37,33,33,316121,33,2,513.1023842608556,134.0,33
2017,RS,agro_industry_and_commerce,2,2,2,43700,2,0,18.14278935175389,10.0,2
2017,RS,air_conditioning,5,5,5,56559,5,1,75.71207175869495,20.0,5
2017,RS,art,2,2,2,9355,2,0,28.441516203340143,9.0,2
2017,RS,audio,12,12,12,112040,12,0,178.08557870332152,42.0,12
2017,RS,auto,55,54,54,762735,54,2,848.2000347250141,212.0,54
2017,RS,baby,103,101,101,1373222,101,4,1349.6645717574283,448.0,101
2017,RS,bed_bath_table,282,279,279,2892077,279,21,4850.935624995269,1082.5,278
2017,RS,books_general_interest,14,14,14,119400,14,2,258.1727430569008,59.0,14
2017,RS,books_imported,1,1,1,7700,1,0,26.395104166585952,5.0,1
2017,RS,books_technical,3,3,3,36400,3,0,50.90157407429069,15.0,3
2017,RS,cds_dvds_musicals,3,3,3,22500,3,0,29.775219907052815,14.0,3
2017,RS,christmas_supplies,1,1,1,12490,1,1,40.8496643519029,4.0,1
2017,RS,computers,7,7,7,794789,7,1,158.52274305559695,28.0,6
2017,RS,computers_accessories,170,168,168,2544488,168,2,2320.396493055392,726.0,168
2017,RS,consoles_games,38,36,36,449993,36,4,619.7046759268269,143.0,36
2017,RS,construction_tools_construction,9,8,8,126448,8,2,176.05351851927117,33.0,8
2017,RS,construction_tools_safety,3,2,2,40525,2,0,39.97931713005528,8.0,2
2017,RS,cool_stuff,160,158,158,2857318,158,11,2243.882256944198,666.0,157
2017,RS,costruction_tools_garden,2,1,1,59990,1,0,9.005787036847323,4.0,1
2017,RS,costruction_tools_tools,2,2,2,22980,2,0,47.6498495368287,6.0,2
2017,RS,drinks,3,3,3,18000,3,1,109.12565972236916,11.0,3
2017,RS,dvds_blu_ray,3,3,3,14470,3,0,40.305162036791444,15.0,3
2017,RS,electronics,57,57,57,319358,57,3,879.1819907426834,238.0,57
2017,RS,fashion_bags_accessories,48,48,48,564666,48,2,722.5829513883218,201.0,48
2017,RS,fashion_male_clothing,5,4,4,50539,4,0,64.43491898151115,12.0,4
2017,RS,fashion_shoes,7,7,7,45630,7,0,107.00240740785375,35.0,7
2017,RS,fashion_sport,2,1,1,2499,1,0,16.584490741137415,4.0,1
2017,RS,fashion_underwear_beach,2,2,2,33800,2,0,43.524583333171904,7.0,2
2017,RS,fixed_telephony,14,14,14,175986,14,0,170.5726041663438,60.0,13
2017,RS,flowers,1,1,1,2280,1,0,29.85581018542871,5.0,1
2017,RS,food,4,3,3,14144,3,0,60.80032407492399,15.0,3
2017,RS,food_drink,3,3,3,20130,3,0,43.9611226846464,15.0,3
2017,RS,furniture_bedroom,1,0,0,0,0,0,0,0,0
2017,RS,furniture_decor,211,210,210,2321869,210,16,3515.255879628472,847.0,209
2017,RS,furniture_living_room,12,12,12,199324,12,0,182.8769212961197,57.0,12
2017,RS,garden_tools,135,131,131,1892999,131,7,2287.901122689247,558.5,131
2017,RS,health_beauty,166,161,161,2487947,161,6,2183.375636576209,656.0,161
2017,RS,home_appliances,15,15,15,193230,15,0,163.22803240828216,69.0,15
2017,RS,home_appliances_2,2,2,2,75890,2,0,33.31482638884336,5.0,2
2017,RS,home_comfort_2,1,1,1,10999,1,0,17.60950231505558,5.0,1
2017,RS,home_confort,11,11,11,170420,11,2,226.7608796292916,35.0,11
2017,RS,home_construction,11,11,11,282200,11,1,165.57313657412305,53.0,11
2017,RS,housewares,152,150,150,1584084,150,4,2078.122164358385,605.0,149
2017,RS,industry_commerce_and_business,6,6,6,148170,6,0,93.12396990787238,24.0,6
2017,RS,kitchen_dining_laundry_garden_furniture,5,5,5,48870,5,0,72.64656249899417,22.0,5
2017,RS,la_cuisine,3,3,3,42899,3,0,24.871585647575557,15.0,3
2017,RS,luggage_accessories,35,34,34,356278,34,0,506.4053125004284,156.0,34
2017,RS,market_place,12,12,12,143011,12,0,142.6144791659899,45.0,11
2017,RS,musical_instruments,12,12,12,261114,12,1,194.11776620335877,43.0,12
2017,RS,office_furniture,33,32,32,541614,32,2,801.3828587951139,128.5,32
2017,RS,party_supplies,1,1,1,26980,1,0,12.3018171293661,1.0,1
2017,RS,perfumery,74,74,74,916686,74,3,1084.2319444441237,328.0,74
2017,RS,pet_shop,35,35,35,644665,35,1,476.77239583292976,152.0,35
2017,RS,signaling_and_security,3,3,3,17889,3,0,31.860289352480322,9.0,3
2017,RS,small_appliances,20,20,20,695906,20,2,269.61876157624647,82.0,20
2017,RS,sports_leisure,216,213,213,2427947,212,12,3014.023796299007,928.0,212
2017,RS,stationery,55,54,54,488087,54,1,713.0608912045136,224.0,54
2017,RS,tablets_printing_image,1,1,1,9900,1,0,19.785347221884876,3.0,1
2017,RS,telephony,132,129,129,581290,129,1,1876.4257407411933,542.0,128
2017,RS,toys,140,138,138,2074456,138,8,2032.7354398141615,576.0,137
2017,RS,watches_gifts,108,107,107,2512222,107,4,1561.415787040256,464.5,106
2017,SC,Unknown,23,22,22,196094,22,2,355.450393518433,85.0,22
2017,SC,art,2,2,2,18980,2,0,27.60717592621222,10.0,2
2017,SC,audio,6,6,6,123868,6,1,97.963368056342,19.5,6
2017,SC,auto,67,64,64,1068885,64,5,998.3575462959707,250.0,64
2017,SC,baby,37,37,37,414914,37,3,530.2507986105047,145.0,36
2017,SC,bed_bath_table,129,125,125,1333220,125,10,1968.028703703545,484.0,124
2017,SC,books_general_interest,10,10,10,121118,10,2,172.69782407395542,32.0,10
2017,SC,books_technical,1,1,1,26900,1,0,17.155995370354503,5.0,1
2017,SC,christmas_supplies,4,4,4,17332,4,0,59.565844907891005,16.0,4
2017,SC,cine_photo,1,1,1,5900,1,0,9.547557870391756,5.0,1
2017,SC,computers,4,4,4,548998,4,0,57.507523147854954,16.0,4
2017,SC,computers_accessories,117,112,112,1761432,112,9,1690.733587963041,471.0,111
2017,SC,consoles_games,20,20,20,277630,20,3,375.7669444428757,76.0,20
2017,SC,construction_tools_construction,2,2,2,86799,2,0,23.12372685223818,7.0,2
2017,SC,construction_tools_safety,2,2,2,45684,2,1,61.18420138861984,2.0,2
2017,SC,cool_stuff,94,94,94,1666152,94,6,1398.2137615722604,381.0,94
2017,SC,costruction_tools_garden,1,1,1,7490,1,0,10.776134259067476,5.0,1
2017,SC,costruction_tools_tools,2,2,2,22980,2,0,34.01471064798534,10.0,2
2017,SC,drinks,5,5,5,21945,5,0,83.89978009276092,21.0,5
2017,SC,dvds_blu_ray,1,1,1,1990,1,0,13.104942129459232,5.0,1
2017,SC,electronics,37,36,36,167549,36,3,538.1784374983981,142.0,35
2017,SC,fashio_female_clothing,1,1,1,1990,1,0,21.91122685186565,4.0,1
2017,SC,fashion_bags_accessories,48,46,46,360115,46,5,760.3990856474265,188.0,46
2017,SC,fashion_childrens_clothes,1,0,0,0,0,0,0,0,0
2017,SC,fashion_male_clothing,2,2,2,8989,2,0,35.86940972227603,9.0,2
2017,SC,fashion_shoes,3,3,3,31450,3,1,73.0483333338052,7.0,3
2017,SC,fashion_sport,2,2,2,10985,2,0,27.483148148283362,10.0,2
2017,SC,fashion_underwear_beach,2,2,2,12980,2,0,24.734363425988704,7.0,2
2017,SC,fixed_telephony,3,3,3,146788,3,0,32.24825231498107,14.0,3
2017,SC,food,2,2,2,14688,2,0,20.15125000011176,10.0,2
2017,SC,furniture_bedroom,1,1,1,22900,1,0,15.05435185180977,4.0,1
2017,SC,furniture_decor,128,125,125,1229979,125,18,2251.871666666586,492.0,123
2017,SC,furniture_living_room,3,3,3,47160,3,0,43.29377314820886,14.0,3
2017,SC,garden_tools,90,90,90,1304813,90,7,1470.3534490717575,377.0,90
2017,SC,health_beauty,125,120,120,1559112,120,4,1686.6079398137517,517.0,120
2017,SC,home_appliances,9,9,9,89429,9,1,172.37302083242685,32.0,9
2017,SC,home_appliances_2,10,9,9,271739,9,0,119.74807870388031,42.0,9
2017,SC,home_confort,9,8,8,131750,8,1,145.55906250094995,18.0,8
2017,SC,home_construction,8,8,8,205974,8,0,97.80569444457069,31.0,8
2017,SC,housewares,99,94,94,877602,94,6,1327.7932291692123,392.0,94
2017,SC,industry_commerce_and_business,2,2,2,22899,2,0,23.164837963413447,10.0,2
2017,SC,kitchen_dining_laundry_garden_furniture,2,2,2,41580,2,1,51.02256944403052,10.0,2
2017,SC,la_cuisine,1,1,1,10500,1,0,5.047407407779247,5.0,1
2017,SC,luggage_accessories,20,19,19,348158,19,0,253.46107638906687,88.0,19
2017,SC,market_place,10,10,10,115309,10,1,118.3781250002794,43.0,10
2017,SC,musical_instruments,7,6,6,351870,6,1,63.86586805479601,29.0,6
2017,SC,office_furniture,23,21,21,424632,21,2,409.84278935100883,75.0,21
2017,SC,perfumery,59,58,58,679460,58,6,975.4998611123301,234.0,57
2017,SC,pet_shop,39,39,39,434786,39,1,542.5128240715712,178.0,39
2017,SC,signaling_and_security,1,1,1,12900,1,1,30.887592592276633,2.0,1
2017,SC,small_appliances,14,13,13,392208,13,1,182.70262731425464,54.0,12
2017,SC,sports_leisure,158,154,154,2046038,154,4,2217.2663773158565,653.0,153
2017,SC,stationery,38,37,37,364220,37,3,596.7935879635625,166.0,37
2017,SC,telephony,84,80,80,467723,80,8,1345.7262499984354,304.0,78
2017,SC,toys,75,74,74,952200,74,5,958.8240393525921,329.0,74
2017,SC,watches_gifts,67,66,66,1396147,66,2,858.3065509251319,288.0,65
2017,SE,Unknown,1,1,1,12585,1,0,13.127384259365499,5.0,1
2017,SE,auto,9,9,9,56903,9,2,366.02159722242504,39.0,9
2017,SE,baby,6,6,6,121769,6,2,155.63199074054137,25.0,6
2017,SE,bed_bath_table,9,9,9,138950,9,2,206.73251157347113,38.0,9
2017,SE,books_general_interest,1,1,1,13500,1,0,11.174201388843358,5.0,1
2017,SE,computers,2,1,1,120000,1,0,16.985011574346572,1.0,1
2017,SE,computers_accessories,13,13,13,95207,13,1,257.18761574150994,55.0,13
2017,SE,consoles_games,3,3,3,35900,3,0,67.29031249927357,14.0,3
2017,SE,cool_stuff,9,9,9,362290,9,1,194.53783564828336,41.0,9
2017,SE,electronics,5,5,5,19759,5,1,110.48190972208977,18.0,5
2017,SE,fashion_bags_accessories,2,2,2,12800,2,0,22.79586805542931,5.0,2
2017,SE,fixed_telephony,1,1,1,6998,1,0,11.575844907201827,1.0,1
2017,SE,food,1,1,1,1845,1,0,25.01550925942138,5.0,1
2017,SE,food_drink,1,1,1,11990,1,0,18.792766203638166,4.0,1
2017,SE,furniture_bedroom,2,2,2,26998,2,0,36.23938657389954,6.0,2
2017,SE,furniture_decor,12,12,12,306760,12,2,282.02167824003845,39.0,11
2017,SE,furniture_living_room,1,1,1,79600,1,0,17.89681712957099,5.0,1
2017,SE,garden_tools,13,12,12,117551,12,1,284.789976851549,46.0,12
2017,SE,health_beauty,20,20,20,480102,20,4,504.87758101848885,83.0,20
2017,SE,home_appliances,1,1,1,8000,1,0,19.784247685223818,5.0,1
2017,SE,home_construction,3,3,3,88495,3,0,65.09106481494382,8.0,3
2017,SE,housewares,4,4,4,57968,4,1,85.06700231414288,17.0,4
2017,SE,luggage_accessories,2,2,2,23680,2,0,32.24304398149252,9.0,2
2017,SE,market_place,2,2,2,39000,2,0,36.59140046313405,7.0,2
2017,SE,musical_instruments,2,2,2,55980,2,1,222.55673611117527,6.0,2
2017,SE,office_furniture,2,2,2,35695,2,0,43.803668981418014,7.0,2
2017,SE,perfumery,4,4,4,61972,4,0,62.20120370388031,14.0,4
2017,SE,pet_shop,3,3,3,17254,3,0,52.14148148102686,15.0,3
2017,SE,small_appliances,2,2,2,13770,2,0,26.28979166643694,10.0,2
2017,SE,sports_leisure,18,17,17,156657,17,2,389.1107407412492,63.0,17
2017,SE,stationery,3,3,3,20880,3,1,83.47678240761161,14.0,3
2017,SE,telephony,15,15,15,113211,15,1,285.0178124997765,56.0,15
2017,SE,toys,9,9,9,92879,9,0,184.90547453751788,26.0,9
2017,SE,watches_gifts,9,9,9,180942,9,5,286.93754629651085,22.0,9
2017,SP,Unknown,346,328,328,3632681,328,19,2970.363819441758,1313.5,328
2017,SP,agro_industry_and_commerce,17,17,17,779356,17,0,161.32491898117587,71.0,17
2017,SP,air_conditioning,52,50,50,1091992,50,2,478.10899305762723,199.0,48
2017,SP,art,13,11,11,716564,11,0,81.57876157388091,45.0,11
2017,SP,audio,64,63,63,640558,63,3,509.2504745363258,245.0,62
2017,SP,auto,572,558,558,8396111,557,30,5196.200659719296,2371.0,554
2017,SP,baby,473,457,457,5079761,457,30,4267.793622696307,1914.0,452
2017,SP,bed_bath_table,1927,1891,1891,20422473,1891,80,19639.711388893425,7739.0,1868
2017,SP,books_general_interest,81,79,79,599340,79,4,781.5339351841249,347.0,78
2017,SP,books_imported,6,6,6,59800,6,0,23.44784722197801,28.0,6
2017,SP,books_technical,16,16,16,210360,16,1,123.15493055572733,73.0,16
2017,SP,cds_dvds_musicals,6,6,6,35000,6,0,61.30954861128703,29.0,6
2017,SP,christmas_supplies,13,13,13,63207,13,0,121.26475694496185,58.0,13
2017,SP,cine_photo,3,3,3,20700,3,1,49.584305556025356,15.0,3
2017,SP,computers,30,30,30,3976235,30,2,334.3016087957658,125.0,30
2017,SP,computers_accessories,973,942,942,13261288,942,29,8893.252847217023,3906.5,939
2017,SP,consoles_games,286,277,277,3533557,277,4,2933.1475810236298,1185.5,276
2017,SP,construction_tools_construction,31,29,29,310402,29,0,270.70478009199724,122.0,28
2017,SP,construction_tools_lights,4,4,4,81700,4,3,75.6446527778171,10.0,4
2017,SP,construction_tools_safety,12,12,12,383693,12,0,87.27932870388031,59.0,12
2017,SP,cool_stuff,760,742,742,12552676,742,24,6136.318310180679,3220.0,738
2017,SP,costruction_tools_garden,22,22,22,170888,22,0,207.1900925920345,92.0,22
2017,SP,costruction_tools_tools,10,10,10,327840,10,0,110.96899305609986,49.0,10
2017,SP,diapers_and_hygiene,1,1,1,7600,1,0,16.104074073955417,1.0,1
2017,SP,drinks,42,39,39,204444,39,2,293.1789351864718,170.0,39
2017,SP,dvds_blu_ray,11,9,9,226020,9,0,91.06422453653067,40.0,9
2017,SP,electronics,290,286,286,1877376,286,13,2681.739039354492,1208.0,284
2017,SP,fashio_female_clothing,14,12,12,78349,12,1,116.07620370481163,44.0,12
2017,SP,fashion_bags_accessories,417,402,402,2840675,402,16,3327.0741319418885,1681.5,401
2017,SP,fashion_childrens_clothes,2,2,2,14999,2,0,12.780694444663823,10.0,2
2017,SP,fashion_male_clothing,38,36,36,341288,36,2,361.3981712977402,136.0,36
2017,SP,fashion_shoes,64,62,62,459563,62,1,762.2913657417521,263.5,62
2017,SP,fashion_sport,9,9,9,72010,9,1,63.48673611227423,42.0,9
2017,SP,fashion_underwear_beach,35,34,34,229755,34,1,254.24562499905005,153.0,34
2017,SP,fixed_telephony,47,46,46,403673,46,2,438.1269560190849,188.0,46
2017,SP,flowers,2,2,2,10980,2,0,17.985185185447335,8.0,2
2017,SP,food,47,46,46,358370,46,2,414.23972222208977,196.0,45
2017,SP,food_drink,48,45,45,266999,45,0,402.00134259136394,202.0,45
2017,SP,furniture_bedroom,13,13,13,369877,13,2,169.070821759291,54.0,13
2017,SP,furniture_decor,1382,1340,1340,12834255,1340,66,13676.1283217608,5461.0,1331
2017,SP,furniture_living_room,78,76,76,1118018,76,3,998.6696296273731,319.0,74
2017,SP,furniture_mattress_and_upholstery,7,7,7,64380,7,0,58.50820601871237,28.0,7
2017,SP,garden_tools,676,660,660,7811086,660,21,6767.3238078746945,2825.0,653
2017,SP,health_beauty,1288,1263,1263,15487874,1263,37,10728.679259259254,5430.833333333333,1256
2017,SP,home_appliances,98,96,96,773143,96,5,837.3627546294592,399.0,96
2017,SP,home_appliances_2,36,34,34,768208,34,3,430.17309027770534,142.0,34
2017,SP,home_comfort_2,8,8,8,37019,8,0,74.85241898149252,34.0,8
2017,SP,home_confort,109,108,108,1601223,108,6,1054.6953356480226,407.0,107
2017,SP,home_construction,39,38,38,694575,38,0,380.3462731484324,150.0,38
2017,SP,housewares,1135,1101,1101,9388633,1101,34,9755.672581005841,4664.0,1093
2017,SP,industry_commerce_and_business,14,14,14,404635,14,0,125.70187499886379,63.0,14
2017,SP,kitchen_dining_laundry_garden_furniture,47,46,46,794993,46,1,552.6685995366424,189.0,46
2017,SP,la_cuisine,3,3,3,33700,3,0,22.035509259440005,11.0,3
2017,SP,luggage_accessories,220,219,219,3103878,219,7,1977.422361114528,986.0,219
2017,SP,market_place,64,62,62,637262,62,2,512.6089583351277,248.0,62
2017,SP,music,3,3,3,46380,3,1,65.45791666675359,10.0,3
2017,SP,musical_instruments,89,84,84,2481790,84,4,827.8945254627615,343.0,83
2017,SP,office_furniture,216,215,215,4585009,215,19,3026.598599538207,784.5,212
2017,SP,party_supplies,5,4,4,65500,4,0,28.694837963208556,19.0,4
2017,SP,pc_gamer,1,1,1,12999,1,0,7.870046296156943,5.0,1
2017,SP,perfumery,647,626,626,8265478,626,22,5743.803194445558,2712.0,626
2017,SP,pet_shop,273,267,267,2875724,267,9,2342.5958680533804,1131.0,264
2017,SP,signaling_and_security,14,13,13,121821,13,0,91.36311342567205,56.0,13
2017,SP,small_appliances,130,123,123,3582018,123,2,1029.4156250027008,527.0,123
2017,SP,small_appliances_home_oven_and_coffee,2,1,1,2190,1,0,5.660717592574656,3.0,1
2017,SP,sports_leisure,1460,1414,1414,16335159,1414,53,12983.418634254485,6121.0,1401
2017,SP,stationery,347,341,341,3229219,341,9,3103.8369444436394,1506.0,339
2017,SP,tablets_printing_image,18,18,18,160740,18,0,114.36318286834285,81.0,18
2017,SP,telephony,685,672,672,4250671,672,24,5704.083032408729,2812.0,670
2017,SP,toys,942,926,926,10440383,926,34,8197.128182864282,3935.5,916
2017,SP,watches_gifts,823,809,809,17509773,809,16,6375.95280093234,3439.0,804
2017,TO,Unknown,4,3,3,43299,3,0,56.65407407423481,14.0,3
2017,TO,auto,7,7,7,113139,7,0,103.48315972229466,31.0,7
2017,TO,baby,2,2,2,43998,2,0,38.95184027776122,10.0,2
2017,TO,bed_bath_table,2,2,2,27034,2,0,48.98900462966412,6.0,2
2017,TO,books_general_interest,1,1,1,3290,1,0,10.211226852145046,5.0,1
2017,TO,books_technical,1,1,1,14860,1,0,11.669016203377396,5.0,1
2017,TO,computers,1,1,1,120000,1,0,13.340891203843057,5.0,1
2017,TO,computers_accessories,10,10,10,337386,10,0,140.02574074082077,41.0,10
2017,TO,cool_stuff,15,15,15,328442,15,0,224.14660879597068,66.0,15
2017,TO,electronics,2,2,2,5770,2,0,24.519027777481824,10.0,2
2017,TO,fashion_bags_accessories,4,4,4,17349,4,0,67.0062384265475,17.0,4
2017,TO,fashion_shoes,1,1,1,19970,1,0,15.188333333469927,5.0,1
2017,TO,fixed_telephony,2,2,2,139099,2,0,41.318194444291294,7.0,2
2017,TO,furniture_decor,8,7,7,109400,7,1,136.49679398117587,32.0,7
2017,TO,garden_tools,6,6,6,107440,6,1,141.26782407378778,23.0,6
2017,TO,health_beauty,13,13,13,245765,13,2,216.75291666714475,53.0,13
2017,TO,home_appliances_2,2,2,2,58699,2,0,37.98702546255663,10.0,2
2017,TO,home_confort,1,1,1,59900,1,0,13.960925925988704,3.0,1
2017,TO,housewares,7,6,6,18958,6,0,105.63091435143724,30.0,6
2017,TO,luggage_accessories,2,2,2,34980,2,0,33.59784722235054,8.0,2
2017,TO,market_place,1,1,1,6280,1,0,10.471736111212522,4.0,1
2017,TO,musical_instruments,1,1,1,3690,1,0,27.288935185410082,4.0,1
2017,TO,office_furniture,2,2,2,30690,2,0,45.7748379628174,10.0,2
2017,TO,perfumery,5,5,5,61268,5,0,76.89259259169921,18.0,4
2017,TO,pet_shop,1,1,1,8950,1,0,21.097905092407018,5.0,1
2017,TO,sports_leisure,8,8,8,146807,8,0,134.42600694438443,34.0,8
2017,TO,stationery,2,2,2,24690,2,0,33.835613425821066,10.0,2
2017,TO,telephony,9,9,9,26332,9,1,163.81898148171604,30.0,9
2017,TO,toys,4,4,4,64887,4,0,87.69453703658655,19.0,4
2017,TO,watches_gifts,9,9,9,122742,9,0,131.14940972207114,42.0,9
2018,AC,books_general_interest,2,2,2,63380,2,0,37.39828703692183,8.0,2
2018,AC,computers_accessories,2,2,2,31690,2,0,53.56216435180977,6.0,2
2018,AC,electronics,1,1,1,1365,1,0,32.10122685180977,5.0,1
2018,AC,fashion_bags_accessories,1,1,1,8990,1,0,15.025671296287328,5.0,1
2018,AC,fashion_shoes,1,1,1,22070,1,0,7.180000000167638,5.0,1
2018,AC,furniture_decor,4,4,4,71664,4,0,82.48253472195938,17.0,4
2018,AC,garden_tools,2,2,2,62900,2,0,23.350208333227783,9.0,2
2018,AC,health_beauty,3,3,3,75389,3,0,50.58120370330289,15.0,3
2018,AC,housewares,1,1,1,10918,1,0,20.063680555671453,4.0,1
2018,AC,luggage_accessories,1,1,1,4890,1,0,25.210069444496185,3.0,1
2018,AC,musical_instruments,1,1,1,3690,1,0,19.32769675925374,4.0,1
2018,AC,sports_leisure,2,2,2,27266,2,0,31.54275462962687,10.0,2
2018,AC,stationery,1,1,1,12990,1,0,11.258865740615875,5.0,1
2018,AC,telephony,1,1,1,83999,1,0,20.980856481473893,5.0,1
2018,AC,toys,1,1,1,7499,1,1,72.19831018522382,1.0,1
2018,AC,watches_gifts,3,3,3,42800,3,0,64.08664351888001,11.0,3
2018,AL,Unknown,2,2,2,29999,2,1,59.115370370447636,6.0,2
2018,AL,agro_industry_and_commerce,1,1,1,147630,1,1,44.09780092583969,1.0,1
2018,AL,air_conditioning,1,1,1,54000,1,0,20.70357638876885,5.0,1
2018,AL,audio,1,1,1,13720,1,1,41.76142361108214,3.0,1
2018,AL,auto,11,11,11,229073,11,2,213.81585648143664,43.0,11
2018,AL,baby,5,5,5,47397,5,0,123.56364583363757,22.0,5
2018,AL,bed_bath_table,9,8,8,74157,8,1,172.61142361117527,24.0,7
2018,AL,books_general_interest,1,1,1,6100,1,0,13.140567129477859,1.0,1
2018,AL,computers,1,1,1,84999,1,0,18.423599536996335,4.0,1
2018,AL,computers_accessories,22,21,21,281607,21,3,404.89680555509403,85.0,21
2018,AL,consoles_games,4,4,4,242878,4,1,113.67666666628793,10.0,4
2018,AL,construction_tools_construction,1,0,0,0,0,0,0,0,0
2018,AL,cool_stuff,8,7,7,125727,7,0,107.01675925916061,32.0,7
2018,AL,dvds_blu_ray,1,1,1,2490,1,0,25.015185185242444,5.0,1
2018,AL,electronics,8,8,8,20247,8,2,203.14430555608124,33.0,8
2018,AL,fashion_bags_accessories,3,3,3,11880,3,1,67.96042824024335,10.0,3
2018,AL,food,1,1,1,18990,1,0,11.175486111082137,5.0,1
2018,AL,food_drink,1,1,1,4406,1,0,22.637534722220153,4.0,1
2018,AL,furniture_decor,13,12,12,114848,12,3,315.4316782406531,39.0,12
2018,AL,furniture_living_room,1,1,1,6999,1,0,23.16976851876825,4.0,1
2018,AL,garden_tools,5,5,5,49059,5,2,137.3559953700751,18.0,5
2018,AL,health_beauty,29,29,29,486400,29,8,755.5145717584528,119.0,29
2018,AL,home_appliances,1,1,1,5500,1,0,29.097361111082137,4.0,1
2018,AL,home_appliances_2,2,2,2,234500,2,0,23.07042824057862,9.0,2
2018,AL,home_construction,3,3,3,63075,3,0,61.632708333432674,14.0,3
2018,AL,housewares,6,5,5,29567,5,1,99.15068286983296,19.0,5
2018,AL,industry_commerce_and_business,1,1,1,19900,1,1,36.94961805548519,3.0,1
2018,AL,luggage_accessories,2,2,2,48890,2,2,83.72271990729496,2.0,2
2018,AL,market_place,1,1,1,19000,1,0,7.24587962962687,1.0,1
2018,AL,musical_instruments,1,1,1,36700,1,0,11.917349536903203,5.0,1
2018,AL,office_furniture,2,2,2,43684,2,0,71.98555555567145,10.0,2
2018,AL,perfumery,3,3,3,28659,3,2,113.05129629652947,8.0,3
2018,AL,pet_shop,1,1,1,14800,1,0,29.662951389327645,5.0,1
2018,AL,sports_leisure,13,13,13,151969,13,3,301.3104166672565,53.0,13
2018,AL,stationery,3,3,3,20479,3,1,65.48195601906627,11.0,3
2018,AL,telephony,13,13,13,153441,13,4,356.94138888968155,49.0,13
2018,AL,toys,4,4,4,50860,4,1,72.9022222221829,14.0,4
2018,AL,watches_gifts,19,19,19,572653,19,3,424.72371527925134,78.0,19
2018,AM,art,1,1,1,5835,1,0,34.27239583339542,5.0,1
2018,AM,auto,3,3,3,68790,3,0,79.4891550927423,15.0,3
2018,AM,baby,2,2,2,41799,2,0,31.587083333637565,8.0,2
2018,AM,bed_bath_table,2,2,2,21170,2,0,62.109513889066875,7.0,2
2018,AM,books_general_interest,1,1,1,8700,1,0,21.010613426100463,5.0,1
2018,AM,computers_accessories,7,6,6,112885,6,0,142.90258101932704,25.0,6
2018,AM,consoles_games,1,1,1,7990,1,0,27.51953703723848,5.0,1
2018,AM,cool_stuff,1,1,1,20999,1,0,10.054710648488253,4.0,1
2018,AM,costruction_tools_garden,1,1,1,7290,1,0,8.134629630018026,4.0,1
2018,AM,drinks,1,1,1,4749,1,0,40.984050925821066,3.0,1
2018,AM,electronics,2,2,2,3240,2,0,58.55890046292916,10.0,2
2018,AM,fixed_telephony,1,1,1,1999,1,0,34.310868055559695,5.0,1
2018,AM,furniture_decor,2,2,2,14980,2,0,53.866655092686415,8.0,2
2018,AM,garden_tools,2,2,2,178790,2,0,61.63531249994412,9.0,2
2018,AM,health_beauty,10,10,10,221103,10,0,258.6678125006147,44.0,10
2018,AM,home_appliances,2,2,2,19080,2,1,73.64549768529832,9.0,2
2018,AM,home_appliances_2,1,1,1,54000,1,0,32.47069444460794,5.0,1
2018,AM,home_construction,4,4,4,75340,4,1,139.04281250061467,11.0,4
2018,AM,housewares,1,1,1,5990,1,0,24.05221064807847,5.0,1
2018,AM,luggage_accessories,1,1,1,28900,1,0,20.33206018479541,2.0,1
2018,AM,music,1,1,1,1610,1,0,24.021689814515412,4.0,1
2018,AM,office_furniture,1,1,1,4890,1,0,40.132372685242444,3.0,1
2018,AM,perfumery,1,1,1,4499,1,0,20.346504629589617,5.0,1
2018,AM,pet_shop,2,2,2,21989,2,0,49.26108796289191,6.0,2
2018,AM,sports_leisure,6,6,6,49510,6,0,146.2934375004843,23.0,6
2018,AM,stationery,4,4,4,46749,4,0,114.0913078696467,18.0,4
2018,AM,tablets_printing_image,1,1,1,5000,1,0,24.271597221959382,4.0,1
2018,AM,telephony,4,4,4,35395,4,1,140.07496527722105,12.0,4
2018,AM,toys,2,2,2,35498,2,0,40.055740741081536,9.0,2
2018,AM,watches_gifts,5,5,5,62966,5,0,145.40115740755573,17.0,5
2018,AP,art,2,2,2,14589,2,0,47.89758101850748,5.0,1
2018,AP,auto,2,2,2,101739,2,0,53.63412037026137,7.0,2
2018,AP,computers_accessories,5,5,5,194503,5,0,126.19854166684672,19.0,5
2018,AP,consoles_games,1,1,1,8595,1,0,39.33981481473893,4.0,1
2018,AP,cool_stuff,1,1,1,23900,1,0,45.30504629667848,4.0,1
2018,AP,electronics,1,1,1,1365,1,0,29.500023148022592,4.0,1
2018,AP,furniture_decor,1,1,1,7500,1,0,27.13131944416091,5.0,1
2018,AP,garden_tools,1,1,1,21000,1,0,22.715370370540768,4.0,1
2018,AP,health_beauty,3,3,3,28999,3,0,88.60752314841375,13.0,3
2018,AP,housewares,3,3,3,31250,3,0,74.70135416695848,14.0,3
2018,AP,musical_instruments,1,1,1,19900,1,0,13.371076388750225,5.0,1
2018,AP,sports_leisure,6,6,6,81269,6,0,167.31894675968215,27.0,6
2018,AP,stationery,2,2,2,23490,2,0,49.42152777733281,7.0,2
2018,AP,telephony,3,3,3,11488,3,0,80.33744212938473,12.0,3
2018,AP,toys,1,1,1,19999,1,0,18.174062499776483,5.0,1
2018,AP,watches_gifts,6,6,6,153180,6,0,128.45387731539086,21.0,6
2018,BA,Unknown,22,21,21,324256,21,4,395.2287499997765,67.0,21
2018,BA,agro_industry_and_commerce,2,2,2,146100,2,0,42.03253472270444,7.0,2
2018,BA,air_conditioning,2,2,2,22090,2,0,37.789444444701076,9.0,2
2018,BA,art,8,8,8,65905,8,0,128.43899305490777,30.0,8
2018,BA,audio,7,7,7,98220,7,0,119.17166666686535,27.0,7
2018,BA,auto,96,95,95,1826180,95,21,2010.388090279419,325.0,94
2018,BA,baby,58,55,55,967044,55,6,1125.6526504629292,206.0,55
2018,BA,bed_bath_table,110,106,106,1275892,106,20,2238.681030091364,384.5,104
2018,BA,books_general_interest,7,7,7,33670,7,1,122.33528935164213,29.0,7
2018,BA,books_technical,8,8,8,53603,8,0,114.13531250087544,37.0,8
2018,BA,christmas_supplies,6,6,6,63812,6,0,105.54605324193835,26.0,6
2018,BA,cine_photo,3,3,3,31485,3,1,49.547800925560296,11.0,3
2018,BA,computers,8,8,8,799000,8,1,155.376215278171,36.0,8
2018,BA,computers_accessories,127,121,121,1395809,121,9,2021.5347685194574,494.0,121
2018,BA,consoles_games,11,11,11,178990,11,5,294.01275462983176,41.0,11
2018,BA,construction_tools_construction,23,23,23,429380,23,1,368.2388541670516,84.0,23
2018,BA,construction_tools_lights,6,6,6,74406,6,0,79.29437500052154,24.0,6
2018,BA,construction_tools_safety,6,5,5,234703,5,0,57.00061342585832,18.0,5
2018,BA,cool_stuff,60,59,59,912405,59,6,1143.1876157405786,235.0,59
2018,BA,costruction_tools_garden,3,3,3,30469,3,1,56.49728009244427,13.0,3
2018,BA,costruction_tools_tools,2,2,2,50000,2,0,19.357222222257406,10.0,2
2018,BA,diapers_and_hygiene,1,0,0,0,0,0,0,0,0
2018,BA,drinks,5,5,5,40129,5,0,78.35070601804182,22.0,5
2018,BA,electronics,69,69,69,400867,69,8,1264.3812037017196,285.0,69
2018,BA,fashion_bags_accessories,28,27,27,317709,27,4,467.0262037026696,111.0,27
2018,BA,fashion_male_clothing,1,1,1,5290,1,0,14.894965277984738,5.0,1
2018,BA,fashion_shoes,3,3,3,39710,3,0,86.00883101811633,10.0,3
2018,BA,fashion_underwear_beach,2,2,2,21490,2,0,36.13744212966412,8.0,2
2018,BA,fixed_telephony,3,3,3,334389,3,1,72.60546296276152,8.0,3
2018,BA,food,10,10,10,58626,10,2,188.06288194423541,37.0,9
2018,BA,food_drink,3,3,3,16654,3,0,22.211261574644595,12.0,3
2018,BA,furniture_bedroom,2,2,2,24900,2,1,55.9356018519029,6.0,2
2018,BA,furniture_decor,103,99,99,1256864,99,18,2085.8862268533558,367.0,99
2018,BA,furniture_living_room,8,8,8,105166,8,1,174.77312500029802,33.0,8
2018,BA,garden_tools,62,61,61,1247602,61,10,1279.4971990715712,221.0,60
2018,BA,health_beauty,182,179,179,2837399,179,28,3434.9667476895265,693.0,178
2018,BA,home_appliances,25,24,24,179469,24,1,401.1537615740672,93.0,24
2018,BA,home_appliances_2,2,2,2,110999,2,1,68.94116898160428,6.0,2
2018,BA,home_confort,2,2,2,31690,2,1,39.14501157402992,6.0,2
2018,BA,home_construction,8,8,8,169948,8,0,159.26850694511086,32.0,8
2018,BA,housewares,88,86,86,1138220,86,7,1430.0661574071273,346.0,84
2018,BA,industry_commerce_and_business,4,4,4,46500,4,1,72.69759259326383,18.0,4
2018,BA,luggage_accessories,13,12,12,94855,12,2,235.24152777856216,54.0,12
2018,BA,market_place,1,1,1,7990,1,0,18.29199074069038,4.0,1
2018,BA,musical_instruments,20,19,19,662099,19,1,317.2313310164027,83.0,19
2018,BA,office_furniture,25,25,25,827241,25,1,725.6402430557646,85.0,25
2018,BA,perfumery,32,32,32,310618,32,1,509.04868055600673,143.0,32
2018,BA,pet_shop,35,35,35,404201,35,3,537.9084143517539,138.0,34
2018,BA,portateis_cozinha_e_preparadores_de_alimentos,1,1,1,2152,1,0,13.024664352182299,3.0,1
2018,BA,signaling_and_security,4,4,4,60389,4,0,53.44699074001983,18.0,4
2018,BA,small_appliances,10,10,10,267638,10,2,189.93892361084,40.0,10
2018,BA,small_appliances_home_oven_and_coffee,3,3,3,157490,3,1,55.84271990740672,14.0,3
2018,BA,sports_leisure,125,122,122,1991436,122,23,2411.8791087940335,464.0,121
2018,BA,stationery,46,44,44,370220,44,9,859.1513078669086,175.0,44
2018,BA,tablets_printing_image,1,1,1,10980,1,1,29.168206018395722,1.0,1
2018,BA,telephony,113,106,106,848815,106,17,2042.0139699066058,386.0,105
2018,BA,toys,42,41,41,451579,41,7,790.6104861116037,156.0,40
2018,BA,watches_gifts,135,129,129,2723839,129,16,2411.753043979872,502.0,128
2018,CE,Unknown,6,6,6,205923,6,4,176.96319444430992,20.0,6
2018,CE,agro_industry_and_commerce,2,2,2,45290,2,0,33.165601851418614,10.0,2
2018,CE,audio,5,5,5,90289,5,0,85.12253472208977,25.0,5
2018,CE,auto,31,30,30,753187,30,6,604.9379976843484,105.0,30
2018,CE,baby,19,19,19,280933,19,4,477.2641666675918,65.0,19
2018,CE,bed_bath_table,33,32,32,298633,32,7,719.35013888916,121.0,32
2018,CE,books_general_interest,5,5,5,112305,5,1,97.66465277783573,24.0,5
2018,CE,books_technical,2,1,1,3000,1,0,4.060925925616175,5.0,1
2018,CE,christmas_supplies,2,2,2,15980,2,1,104.74601851869375,5.0,2
2018,CE,computers,2,2,2,161999,2,0,20.125219907145947,10.0,2
2018,CE,computers_accessories,48,44,44,501988,44,9,990.394884256646,172.0,44
2018,CE,consoles_games,5,4,4,43488,4,1,100.43421296356246,14.0,4
2018,CE,construction_tools_construction,7,7,7,124869,7,1,138.34241898171604,27.0,7
2018,CE,construction_tools_lights,1,1,1,21990,1,0,9.83899305574596,4.0,1
2018,CE,construction_tools_safety,3,3,3,39184,3,0,77.532164351549,7.0,3
2018,CE,cool_stuff,15,14,14,489956,14,1,245.23067129636183,56.0,14
2018,CE,costruction_tools_garden,4,4,4,177240,4,0,45.319131943862885,18.0,4
2018,CE,costruction_tools_tools,1,1,1,9300,1,0,25.850636573974043,5.0,1
2018,CE,diapers_and_hygiene,1,1,1,6000,1,0,14.846782407257706,1.0,1
2018,CE,drinks,2,2,2,15047,2,0,44.85802083322778,10.0,2
2018,CE,electronics,31,30,30,185060,30,5,604.6655324082822,110.0,30
2018,CE,fashion_bags_accessories,14,13,13,94058,13,1,246.59059027815238,58.0,13
2018,CE,fashion_shoes,1,1,1,9990,1,0,30.3617592593655,3.0,1
2018,CE,fixed_telephony,2,2,2,33199,2,1,52.31296296278015,8.0,2
2018,CE,food,2,2,2,15597,2,0,29.054328703787178,9.0,2
2018,CE,food_drink,2,2,2,7630,2,0,27.326030092779547,8.0,2
2018,CE,furniture_decor,36,33,33,428026,33,3,637.5827199076302,110.0,33
2018,CE,furniture_living_room,2,2,2,60298,2,1,44.4063194449991,6.0,2
2018,CE,garden_tools,15,15,15,246171,15,4,353.1423148140311,56.0,15
2018,CE,health_beauty,83,82,82,1643209,82,21,2021.9958912059665,304.0,81
2018,CE,home_appliances,5,4,4,137530,4,1,92.01515046367422,15.0,4
2018,CE,home_appliances_2,3,3,3,265390,3,0,57.81998842628673,14.0,3
2018,CE,home_confort,1,1,1,8990,1,0,12.529108796268702,4.0,1
2018,CE,home_construction,6,5,5,142195,5,0,91.78917824057862,17.0,5
2018,CE,housewares,28,25,25,511452,25,2,467.2735532410443,104.0,25
2018,CE,industry_commerce_and_business,2,2,2,24800,2,1,58.42001157347113,6.0,2
2018,CE,kitchen_dining_laundry_garden_furniture,1,1,1,14000,1,1,37.931562500074506,3.0,1
2018,CE,luggage_accessories,4,3,3,116778,3,0,40.82909722207114,13.0,3
2018,CE,music,1,1,1,14990,1,1,44.53423611074686,1.0,1
2018,CE,musical_instruments,6,6,6,298290,6,0,89.65287037100643,26.0,6
2018,CE,office_furniture,7,7,7,199248,7,3,282.0231712963432,20.0,7
2018,CE,perfumery,19,17,17,245350,17,4,343.0079745366238,69.0,17
2018,CE,pet_shop,4,4,4,17248,4,2,90.47447916632518,17.0,4
2018,CE,small_appliances,1,1,1,29900,1,0,21.65063657378778,5.0,1
2018,CE,sports_leisure,45,44,44,563958,44,10,928.6788194440305,172.0,43
2018,CE,stationery,19,18,18,205508,18,2,441.95634259236977,62.0,17
2018,CE,telephony,40,36,36,254019,36,9,866.805520832073,134.0,36
2018,CE,toys,18,16,16,259524,16,3,357.0133333336562,68.0,16
2018,CE,watches_gifts,77,76,76,1333862,76,12,1675.2564236116596,294.0,75
2018,DF,Unknown,14,14,14,119320,14,0,152.04781250003725,64.0,14
2018,DF,air_conditioning,3,3,3,46800,3,0,38.96951388847083,13.0,3
2018,DF,art,3,3,3,28889,3,0,31.87100694468245,11.0,3
2018,DF,arts_and_craftmanship,1,1,1,12949,1,1,21.345474536996335,1.0,1
2018,DF,audio,12,12,12,181344,12,1,168.3964583328925,48.0,12
2018,DF,auto,65,65,65,1311918,65,4,752.2940856469795,269.0,65
2018,DF,baby,46,46,46,503954,46,6,687.785509258043,169.0,45
2018,DF,bed_bath_table,95,93,93,880861,93,10,1306.5848611108959,360.0,92
2018,DF,books_general_interest,13,11,11,92359,11,0,86.37677083257586,54.0,11
2018,DF,books_technical,3,3,3,32980,3,0,39.92060185223818,14.0,3
2018,DF,christmas_supplies,2,2,2,14980,2,0,30.699074074160308,10.0,2
2018,DF,cine_photo,1,1,1,9995,1,0,10.028344907332212,5.0,1
2018,DF,computers,1,1,1,179800,1,0,7.052754629403353,1.0,1
2018,DF,computers_accessories,89,87,87,944592,87,8,1206.0993287041783,354.0,87
2018,DF,consoles_games,13,12,12,99626,12,0,122.09667824069038,54.0,12
2018,DF,construction_tools_construction,9,9,9,81694,9,1,107.24407407362014,37.0,9
2018,DF,construction_tools_lights,3,3,3,53800,3,0,23.891250000335276,14.0,3
2018,DF,construction_tools_safety,3,3,3,52018,3,0,22.526527777314186,12.0,3
2018,DF,cool_stuff,35,34,34,487232,34,3,470.03689814871177,125.0,34
2018,DF,costruction_tools_garden,2,2,2,19390,2,0,30.568854166660458,10.0,2
2018,DF,drinks,4,4,4,26237,4,0,41.48550925916061,20.0,4
2018,DF,dvds_blu_ray,1,1,1,8399,1,0,13.888784722425044,5.0,1
2018,DF,electronics,38,38,38,186653,38,1,375.95682870270684,165.0,38
2018,DF,fashion_bags_accessories,19,18,18,190709,18,3,261.7881828690879,74.0,18
2018,DF,fashion_shoes,3,3,3,34530,3,0,29.87766203749925,15.0,3
2018,DF,fashion_underwear_beach,1,1,1,5990,1,0,16.65619212994352,4.0,1
2018,DF,fixed_telephony,1,1,1,3300,1,0,5.213356481399387,5.0,1
2018,DF,food,6,6,6,34017,6,1,76.9777314811945,24.0,6
2018,DF,food_drink,1,1,1,5690,1,0,12.446157407481223,4.0,1
2018,DF,furniture_decor,62,61,61,690423,61,6,793.4115740749985,262.0,61
2018,DF,furniture_living_room,4,4,4,103489,4,0,47.34082175977528,19.0,4
2018,DF,garden_tools,22,22,22,482126,22,2,265.7189699062146,90.0,22
2018,DF,health_beauty,132,130,130,2090493,130,11,1601.4038078738376,555.0,130
2018,DF,home_appliances,10,10,10,77559,10,1,138.52606481453404,32.0,9
2018,DF,home_appliances_2,4,4,4,257990,4,0,46.45925925951451,17.0,4
2018,DF,home_confort,3,3,3,28370,3,0,40.478530092630535,8.0,3
2018,DF,home_construction,4,4,4,35685,4,0,40.677777777425945,12.0,4
2018,DF,housewares,70,70,70,786739,70,1,725.8848495376296,287.0,69
2018,DF,industry_commerce_and_business,5,5,5,127200,5,1,55.028206017799675,23.0,5
2018,DF,kitchen_dining_laundry_garden_furniture,2,2,2,66990,2,0,16.392418981529772,8.0,2
2018,DF,luggage_accessories,16,16,16,197976,16,2,195.8722106483765,64.0,16
2018,DF,market_place,3,3,3,26391,3,0,45.69928240776062,13.0,3
2018,DF,music,1,1,1,5035,1,0,8.364224537275732,4.0,1
2018,DF,musical_instruments,7,7,7,208880,7,0,85.56082175904885,29.0,7
2018,DF,office_furniture,8,7,7,115076,7,1,137.34734953660518,28.0,7
2018,DF,party_supplies,1,1,1,23120,1,0,8.687129629775882,5.0,1
2018,DF,perfumery,41,40,40,536118,40,2,409.9033680544235,165.5,40
2018,DF,pet_shop,23,23,23,391767,23,0,236.1360879628919,97.0,23
2018,DF,signaling_and_security,4,4,4,62603,4,0,43.16657407395542,20.0,4
2018,DF,small_appliances,10,9,9,198969,9,0,100.08508101850748,37.0,9
2018,DF,small_appliances_home_oven_and_coffee,1,1,1,75000,1,0,8.297800926025957,5.0,1
2018,DF,sports_leisure,102,100,100,1314502,100,5,1249.1529513872229,424.0,100
2018,DF,stationery,27,27,27,267409,27,2,394.54290509130806,104.0,26
2018,DF,telephony,45,45,45,256934,45,3,609.2926504653879,173.0,45
2018,DF,toys,31,31,31,251735,31,2,348.99141203798354,120.0,31
2018,DF,watches_gifts,91,90,90,2099889,90,2,1087.2780555565841,375.0,88
2018,ES,Unknown,7,7,7,63413,7,3,155.57607638835907,23.0,7
2018,ES,air_conditioning,2,2,2,32900,2,1,34.42486111121252,8.0,2
2018,ES,audio,8,8,8,67088,8,3,170.3037499994971,28.0,8
2018,ES,auto,49,49,49,791452,49,4,674.5474421265535,183.0,49
2018,ES,baby,36,35,35,505848,35,4,498.0478587974794,131.0,35
2018,ES,bed_bath_table,98,97,97,1060080,97,19,1974.9329629619606,374.0,97
2018,ES,books_general_interest,4,4,4,82185,4,0,51.16696759313345,17.0,4
2018,ES,books_technical,12,12,12,102870,12,5,219.30798611184582,52.0,12
2018,ES,christmas_supplies,1,1,1,11690,1,0,14.97219907399267,4.0,1
2018,ES,cine_photo,1,1,1,9490,1,0,7.24899305542931,5.0,1
2018,ES,computers,2,2,2,745900,2,1,28.342048611026257,5.0,1
2018,ES,computers_accessories,83,81,81,836127,81,9,1409.693993056193,312.0,80
2018,ES,consoles_games,8,8,8,139196,8,0,116.47168981423602,36.0,8
2018,ES,construction_tools_construction,9,9,9,264148,9,0,84.91025462886319,43.0,9
2018,ES,construction_tools_lights,4,4,4,78330,4,0,46.02355324057862,14.0,3
2018,ES,cool_stuff,27,27,27,456968,27,5,464.1770023149438,123.0,27
2018,ES,costruction_tools_garden,3,3,3,48980,3,0,32.43839120352641,6.0,3
2018,ES,costruction_tools_tools,3,3,3,49400,3,1,48.38350694440305,15.0,3
2018,ES,drinks,4,3,3,18694,3,0,29.579120370093733,13.0,3
2018,ES,electronics,52,52,52,223979,52,6,778.2708796304651,218.0,51
2018,ES,fashion_bags_accessories,25,24,24,186909,24,2,329.75209490628913,98.0,24
2018,ES,fashion_male_clothing,2,2,2,34590,2,1,50.04369212966412,5.0,1
2018,ES,fashion_shoes,2,2,2,17480,2,0,33.40703703742474,10.0,2
2018,ES,fixed_telephony,3,3,3,809598,3,0,48.54134259233251,7.0,3
2018,ES,flowers,1,1,1,1799,1,0,7.63271990744397,5.0,1
2018,ES,food,7,7,7,39254,7,2,119.0745949074626,28.0,7
2018,ES,food_drink,3,3,3,18050,3,0,48.92085648095235,14.0,3
2018,ES,furniture_bedroom,1,1,1,9990,1,0,21.920520833227783,5.0,1
2018,ES,furniture_decor,50,50,50,665231,50,7,787.2186921294779,202.0,50
2018,ES,furniture_living_room,2,2,2,25498,2,0,19.3403935180977,10.0,2
2018,ES,garden_tools,38,37,37,554883,37,4,522.6717824065126,158.5,37
2018,ES,health_beauty,97,96,96,1200411,96,15,1548.2406944460236,377.0,96
2018,ES,home_appliances,6,6,6,21161,6,1,123.43667824054137,21.0,6
2018,ES,home_appliances_2,1,1,1,53300,1,0,16.906967592891306,5.0,1
2018,ES,home_confort,1,1,1,7990,1,0,8.659687499981374,5.0,1
2018,ES,home_construction,11,11,11,102530,11,1,176.7626273133792,54.0,11
2018,ES,housewares,47,47,47,638414,47,9,833.4377199066803,183.0,46
2018,ES,industry_commerce_and_business,2,2,2,13600,2,0,22.563761573750526,9.0,2
2018,ES,luggage_accessories,5,5,5,141589,5,1,84.75523148151115,24.0,5
2018,ES,market_place,2,2,2,22500,2,0,26.36731481505558,10.0,2
2018,ES,musical_instruments,9,9,9,366118,9,2,156.32822916656733,32.0,9
2018,ES,office_furniture,10,10,10,179652,10,1,257.5615972224623,35.0,10
2018,ES,party_supplies,2,2,2,6250,2,0,19.642175926361233,10.0,2
2018,ES,perfumery,15,15,15,163880,15,2,187.40868055541068,61.0,15
2018,ES,pet_shop,13,13,13,150858,13,1,184.413657406345,48.0,13
2018,ES,signaling_and_security,2,2,2,16390,2,0,30.275092592462897,8.0,2
2018,ES,small_appliances,2,2,2,60890,2,0,33.645891203545034,9.0,2
2018,ES,sports_leisure,77,76,76,1016820,76,9,1166.1865277783945,309.0,75
2018,ES,stationery,25,25,25,287469,25,2,354.08280092524365,105.0,25
2018,ES,tablets_printing_image,1,1,1,5200,1,0,13.203807870391756,4.0,1
2018,ES,telephony,60,60,60,622479,60,9,990.5161689813249,216.0,58
2018,ES,toys,38,37,37,397813,37,4,510.5184374982491,150.0,37
2018,ES,watches_gifts,93,91,91,1775775,91,10,1507.4039930566214,359.0,88
2018,GO,Unknown,26,25,25,334382,25,3,356.82074073981494,104.0,25
2018,GO,agro_industry_and_commerce,5,4,4,141840,4,0,57.67010416695848,14.0,4
2018,GO,air_conditioning,3,3,3,53790,3,0,28.229710647836328,10.0,3
2018,GO,art,3,2,2,19998,2,0,22.71090277750045,8.0,2
2018,GO,audio,4,4,4,175289,4,0,81.5869328705594,14.0,4
2018,GO,auto,50,49,49,526380,49,0,634.6587847210467,204.0,49
2018,GO,baby,36,36,36,638532,36,3,542.0913194441237,143.0,36
2018,GO,bed_bath_table,89,89,89,984129,89,15,1543.233773148153,325.5,87
2018,GO,books_general_interest,7,7,7,53439,7,0,87.3601041669026,32.0,7
2018,GO,books_technical,2,2,2,19665,2,0,32.22936342610046,10.0,2
2018,GO,christmas_supplies,1,1,1,7990,1,0,18.312187499832362,5.0,1
2018,GO,cine_photo,1,1,1,11900,1,0,5.129710648208857,5.0,1
2018,GO,computers,1,1,1,185997,1,0,10.832789351698011,4.0,1
2018,GO,computers_accessories,61,61,61,705597,61,4,948.7818634258583,248.0,61
2018,GO,consoles_games,10,10,10,145988,10,1,134.77846064744517,38.0,10
2018,GO,construction_tools_construction,5,5,5,52349,5,0,53.49520833371207,16.0,5
2018,GO,construction_tools_lights,3,3,3,37500,3,0,29.157002315390855,14.0,3
2018,GO,construction_tools_safety,3,3,3,18380,3,0,32.612893518060446,11.0,3
2018,GO,cool_stuff,20,19,19,298546,19,1,260.19671296328306,74.0,19
2018,GO,costruction_tools_garden,4,4,4,31510,4,0,49.51168981520459,15.0,4
2018,GO,costruction_tools_tools,4,4,4,249960,4,0,41.20813657389954,18.0,4
2018,GO,drinks,2,2,2,16609,2,0,29.419201388955116,9.0,2
2018,GO,electronics,25,25,25,68450,25,1,356.6061921296641,108.0,25
2018,GO,fashion_bags_accessories,16,16,16,123207,16,2,203.09453703742474,62.0,16
2018,GO,fashion_male_clothing,2,2,2,25870,2,0,30.0184953706339,7.0,2
2018,GO,fashion_shoes,2,2,2,25780,2,0,38.461631944868714,4.0,2
2018,GO,fashion_underwear_beach,2,2,2,10980,2,0,37.76984953740612,8.0,2
2018,GO,fixed_telephony,1,1,1,7790,1,0,8.392337962985039,5.0,1
2018,GO,flowers,1,1,1,2499,1,0,10.971458333078772,5.0,1
2018,GO,food,6,6,6,39846,6,0,88.11846064776182,19.0,6
2018,GO,furniture_bedroom,1,1,1,15900,1,0,14.299768518656492,5.0,1
2018,GO,furniture_decor,60,58,58,725043,58,6,921.0186226852238,221.0,58
2018,GO,furniture_living_room,3,3,3,29797,3,0,32.29887731466442,14.0,3
2018,GO,garden_tools,35,34,34,571194,34,4,542.1587847224437,146.0,34
2018,GO,health_beauty,123,121,121,1808527,121,15,1949.3358101807535,496.0,121
2018,GO,home_appliances,8,7,7,34893,7,0,107.00515046296641,32.0,7
2018,GO,home_appliances_2,3,3,3,153790,3,0,36.193402777891606,13.0,3
2018,GO,home_comfort_2,2,2,2,3870,2,1,55.51312500005588,5.0,2
2018,GO,home_confort,4,4,4,55180,4,0,49.550856481306255,20.0,4
2018,GO,home_construction,6,6,6,97165,6,0,77.45237268554047,27.0,6
2018,GO,housewares,59,58,58,1141532,58,1,710.0904976855963,239.0,58
2018,GO,industry_commerce_and_business,5,5,5,72815,5,1,80.61170138884336,17.0,4
2018,GO,kitchen_dining_laundry_garden_furniture,1,1,1,21600,1,0,8.399942129384726,1.0,1
2018,GO,luggage_accessories,1,1,1,2699,1,0,9.127534721978009,5.0,1
2018,GO,market_place,2,2,2,20495,2,0,26.56802083319053,9.0,2
2018,GO,music,1,1,1,116597,1,0,13.919502315111458,5.0,1
2018,GO,musical_instruments,6,6,6,67392,6,0,74.68126157391816,25.0,6
2018,GO,office_furniture,13,13,13,185709,13,0,339.79325231397524,54.0,13
2018,GO,party_supplies,1,1,1,4380,1,0,8.588831018656492,1.0,1
2018,GO,perfumery,34,34,34,390318,34,1,445.36924768658355,146.0,34
2018,GO,pet_shop,11,11,11,312766,11,1,210.91663194447756,39.0,11
2018,GO,portateis_cozinha_e_preparadores_de_alimentos,1,0,0,0,0,0,0,0,0
2018,GO,signaling_and_security,4,4,4,40134,4,0,45.00125000020489,16.0,4
2018,GO,small_appliances,8,8,8,249089,8,1,177.3606365742162,31.0,8
2018,GO,sports_leisure,72,70,70,985398,70,6,1016.4800694431178,277.0,69
2018,GO,stationery,23,22,22,263356,22,1,367.4887037035078,94.0,22
2018,GO,telephony,62,62,62,380391,62,5,928.2270138910972,239.0,62
2018,GO,toys,24,24,24,249630,24,1,328.3615972213447,102.0,24
2018,GO,watches_gifts,92,90,90,1799268,90,6,1403.0145138921216,383.0,90
2018,MA,Unknown,2,1,1,3590,1,0,19.32486111111939,4.0,1
2018,MA,agro_industry_and_commerce,1,0,0,0,0,0,0,0,0
2018,MA,audio,1,1,1,4499,1,0,14.948437499813735,5.0,1
2018,MA,auto,24,24,24,301617,24,4,522.2617939794436,92.0,24
2018,MA,baby,11,11,11,218157,11,2,224.0669907410629,45.0,11
2018,MA,bed_bath_table,9,9,9,87017,9,2,198.90247685136274,36.0,9
2018,MA,books_imported,1,1,1,74900,1,0,15.256539351772517,5.0,1
2018,MA,books_technical,3,3,3,10579,3,0,48.36422453681007,11.0,3
2018,MA,cds_dvds_musicals,1,1,1,6500,1,0,19.50576388882473,5.0,1
2018,MA,cine_photo,1,1,1,4980,1,0,19.84149305569008,5.0,1
2018,MA,computers_accessories,36,34,34,850578,34,5,678.1176157398149,128.0,34
2018,MA,consoles_games,1,1,1,68989,1,0,25.01946759270504,1.0,1
2018,MA,construction_tools_construction,1,1,1,4999,1,0,11.4296875,5.0,1
2018,MA,cool_stuff,14,13,13,230591,13,4,298.0382986110635,47.0,13
2018,MA,electronics,10,10,10,18400,10,2,225.98510416597128,29.0,10
2018,MA,fashion_bags_accessories,7,7,7,107578,7,1,151.19376157363877,24.0,7
2018,MA,furniture_decor,14,13,13,175747,13,3,280.38013888988644,46.0,12
2018,MA,furniture_living_room,1,1,1,138000,1,1,39.5496759256348,1.0,1
2018,MA,garden_tools,9,9,9,95328,9,1,170.16731481440365,34.0,9
2018,MA,health_beauty,54,54,54,861735,54,14,1046.206192130223,215.0,54
2018,MA,home_appliances,1,1,1,10000,1,0,12.226203703321517,4.0,1
2018,MA,home_confort,1,1,1,8690,1,1,33.377974537201226,3.0,1
2018,MA,home_construction,2,2,2,32949,2,0,40.28699074080214,9.0,2
2018,MA,housewares,12,12,12,129738,12,5,296.96841435180977,42.0,12
2018,MA,industry_commerce_and_business,1,1,1,12500,1,0,16.358865740709007,5.0,1
2018,MA,luggage_accessories,3,3,3,32598,3,1,48.57784722186625,10.0,3
2018,MA,musical_instruments,3,3,3,102490,3,0,75.7277199071832,15.0,3
2018,MA,office_furniture,9,9,9,194885,9,2,306.8244560183957,31.0,9
2018,MA,perfumery,8,7,7,103794,7,0,126.62787037109956,35.0,7
2018,MA,pet_shop,3,3,3,32890,3,0,45.22017361037433,14.0,3
2018,MA,small_appliances,2,2,2,26290,2,1,36.24001157376915,6.0,2
2018,MA,sports_leisure,25,25,25,551017,25,8,571.597002315335,83.0,24
2018,MA,stationery,9,9,9,82113,9,1,193.669340278022,33.0,9
2018,MA,telephony,26,26,26,208219,26,3,491.0624768533744,101.0,26
2018,MA,toys,10,10,10,222426,10,1,180.02001157496125,38.0,10
2018,MA,watches_gifts,39,37,37,731745,37,7,907.5229629641399,150.0,37
2018,MG,Unknown,73,72,72,784473,72,2,850.1383101842366,315.0,71
2018,MG,agro_industry_and_commerce,10,10,10,496190,10,0,94.30482638860121,44.0,10
2018,MG,air_conditioning,7,7,7,180190,7,0,59.525046296883374,31.0,7
2018,MG,art,14,14,14,101674,14,0,127.88351851981133,67.0,14
2018,MG,arts_and_craftmanship,4,4,4,33689,4,0,28.117604166734964,19.0,4
2018,MG,audio,15,15,15,399000,15,2,206.9613657402806,53.0,15
2018,MG,auto,301,296,296,4224017,296,20,3356.5325694484636,1235.0,295
2018,MG,baby,203,201,201,3054081,201,16,2505.90092592733,774.0,200
2018,MG,bed_bath_table,559,554,554,6434258,554,53,7202.917928245384,2089.5,546
2018,MG,books_general_interest,29,29,29,243981,29,0,283.3573148152791,122.0,28
2018,MG,books_imported,3,3,3,14688,3,0,29.538194444496185,15.0,3
2018,MG,books_technical,26,26,26,171203,26,1,284.41253472305834,115.0,26
2018,MG,christmas_supplies,7,7,7,53849,7,0,87.61450231494382,29.0,7
2018,MG,cine_photo,4,3,3,19789,3,0,22.140648148022592,10.0,3
2018,MG,computers,3,3,3,249800,3,0,29.902083333116025,15.0,3
2018,MG,computers_accessories,549,541,541,6588583,541,37,7157.394166659564,2158.5,539
2018,MG,consoles_games,51,50,50,1063194,50,0,603.6245601857081,219.0,50
2018,MG,construction_tools_construction,82,82,82,1330854,82,2,842.4037037016824,337.0,82
2018,MG,construction_tools_lights,33,33,33,551715,33,2,356.60203703772277,133.0,32
2018,MG,construction_tools_safety,21,20,20,631456,20,1,235.9641319438815,85.0,20
2018,MG,cool_stuff,151,150,150,2072039,150,12,1879.8719675955363,607.0,150
2018,MG,costruction_tools_garden,10,10,10,81243,10,0,95.89503472112119,43.0,10
2018,MG,costruction_tools_tools,15,15,15,166025,15,0,144.6027083331719,61.0,15
2018,MG,diapers_and_hygiene,1,1,1,4300,1,0,9.747569444589317,5.0,1
2018,MG,drinks,13,12,12,85064,12,0,123.36862268438563,50.0,12
2018,MG,dvds_blu_ray,2,2,2,10889,2,0,20.42880787048489,10.0,2
2018,MG,electronics,163,162,162,1464641,162,10,1996.8592013856396,655.0,162
2018,MG,fashio_female_clothing,1,1,1,2999,1,0,12.784490740858018,4.0,1
2018,MG,fashion_bags_accessories,106,105,105,1090840,105,6,1036.0153356487863,470.0,104
2018,MG,fashion_male_clothing,2,2,2,28070,2,0,22.162060185335577,10.0,2
2018,MG,fashion_shoes,12,12,12,106010,12,1,171.73774305544794,48.0,12
2018,MG,fashion_underwear_beach,4,4,4,28430,4,0,44.912893518805504,13.0,3
2018,MG,fixed_telephony,8,8,8,106178,8,1,122.0097106480971,33.0,8
2018,MG,flowers,3,3,3,7949,3,0,35.575393518898636,13.0,3
2018,MG,food,26,26,26,120236,26,2,265.5895138881169,109.0,26
2018,MG,food_drink,11,11,11,116821,11,0,158.57061342569068,45.0,11
2018,MG,furniture_bedroom,3,2,2,81900,2,0,14.01089120330289,8.0,2
2018,MG,furniture_decor,368,366,366,4315067,366,17,4327.581087962724,1504.0,363
2018,MG,furniture_living_room,18,18,18,262794,18,1,168.90487268473953,79.0,18
2018,MG,furniture_mattress_and_upholstery,1,1,1,7500,1,0,9.488807870075107,5.0,1
2018,MG,garden_tools,225,222,222,2963992,222,9,2495.920428236015,956.0,221
2018,MG,health_beauty,599,593,593,9967815,593,37,6761.151979167946,2525.0,590
2018,MG,home_appliances,69,69,69,364098,69,3,740.6011921265163,263.0,69
2018,MG,home_appliances_2,8,8,8,362948,8,0,76.70008101919666,36.0,8
2018,MG,home_comfort_2,2,2,2,2580,2,1,45.49364583287388,3.0,2
2018,MG,home_confort,15,15,15,251569,15,0,168.81393518531695,63.0,15
2018,MG,home_construction,45,45,45,635227,45,2,572.2699884269387,190.0,45
2018,MG,housewares,405,397,397,4720262,397,21,4279.772141202819,1668.5,394
2018,MG,industry_commerce_and_business,13,13,13,155696,13,0,151.39954861160368,44.0,13
2018,MG,kitchen_dining_laundry_garden_furniture,15,15,15,188818,15,1,184.30099537130445,68.0,15
2018,MG,luggage_accessories,88,88,88,1178226,88,3,766.8730324078351,383.0,88
2018,MG,market_place,11,11,11,107228,11,2,153.7365393517539,50.0,11
2018,MG,music,5,5,5,35433,5,0,37.64895833330229,21.0,5
2018,MG,musical_instruments,38,36,36,931878,36,3,485.85828703595325,146.0,35
2018,MG,office_furniture,62,62,62,1224992,62,2,1305.7594907432795,205.0,60
2018,MG,party_supplies,3,3,3,53180,3,0,41.17518518585712,7.0,3
2018,MG,perfumery,172,166,166,1854254,166,11,1772.792094909586,725.0,166
2018,MG,pet_shop,134,134,134,2173280,134,10,1427.5525578721426,565.0,134
2018,MG,portateis_cozinha_e_preparadores_de_alimentos,2,2,2,113390,2,0,14.5407754634507,5.0,2
2018,MG,signaling_and_security,7,7,7,49255,7,0,77.06523148156703,25.0,7
2018,MG,small_appliances,32,30,30,1016091,30,2,330.2255439818837,115.0,30
2018,MG,small_appliances_home_oven_and_coffee,9,9,9,459648,9,0,61.10761573957279,43.0,9
2018,MG,sports_leisure,451,440,440,6164037,440,22,5178.600717597175,1851.0,439
2018,MG,stationery,148,146,146,1458358,146,7,1663.8358680601232,626.0,146
2018,MG,tablets_printing_image,1,1,1,5200,1,0,18.686562499962747,2.0,1
2018,MG,telephony,203,201,201,1860533,201,17,2496.020439814776,838.0,199
2018,MG,toys,144,143,143,1873718,143,14,1576.2258217586204,593.0,142
2018,MG,watches_gifts,399,394,394,7059835,394,25,4765.177835647948,1638.0,390
2018,MS,Unknown,4,4,4,35428,4,1,65.14394675940275,18.0,4
2018,MS,agro_industry_and_commerce,1,1,1,41200,1,0,18.53204861143604,5.0,1
2018,MS,art,1,1,1,12999,1,0,23.690023147966713,3.0,1
2018,MS,auto,18,18,18,341657,18,2,274.18444444425404,71.0,18
2018,MS,baby,16,16,16,161394,16,0,239.56049768673256,65.0,16
2018,MS,bed_bath_table,24,24,24,178576,24,5,366.47254629665986,105.0,24
2018,MS,books_technical,3,3,3,10085,3,0,32.10125000029802,14.0,3
2018,MS,computers,1,1,1,59900,1,0,18.521956018637866,4.0,1
2018,MS,computers_accessories,32,32,32,407855,32,2,442.0270370384678,128.0,32
2018,MS,construction_tools_construction,6,6,6,137609,6,2,125.23582175932825,18.0,6
2018,MS,construction_tools_lights,5,5,5,90498,5,2,72.56365740764886,17.0,5
2018,MS,construction_tools_safety,1,1,1,206299,1,0,18.1082175928168,5.0,1
2018,MS,cool_stuff,11,11,11,272017,11,0,122.22811342636123,50.0,11
2018,MS,costruction_tools_garden,1,1,1,3500,1,0,11.12326388899237,1.0,1
2018,MS,costruction_tools_tools,1,1,1,680,1,1,24.653425925876945,1.0,1
2018,MS,drinks,3,3,3,14247,3,0,56.60232638893649,13.0,3
2018,MS,electronics,17,17,17,123107,17,3,272.06354166707024,73.0,17
2018,MS,fashion_bags_accessories,9,9,9,42180,9,2,176.71884259209037,34.0,9
2018,MS,fashion_shoes,2,2,2,18840,2,0,30.155289351940155,10.0,2
2018,MS,fashion_underwear_beach,1,1,1,5990,1,1,27.37438657414168,3.0,1
2018,MS,flowers,1,1,1,3120,1,0,8.908402777742594,5.0,1
2018,MS,food,4,4,4,38426,4,0,42.10540509270504,20.0,4
2018,MS,furniture_bedroom,1,1,1,17900,1,0,23.515335648320615,5.0,1
2018,MS,furniture_decor,29,29,29,378911,29,2,416.9503703713417,109.0,28
2018,MS,furniture_living_room,1,1,1,13990,1,0,20.12811342580244,5.0,1
2018,MS,garden_tools,10,10,10,122019,10,0,128.18876157468185,45.0,10
2018,MS,health_beauty,31,30,30,726717,30,7,491.38884259201586,118.0,30
2018,MS,home_appliances,3,3,3,14745,3,0,41.166273148264736,14.0,3
2018,MS,home_appliances_2,2,2,2,57979,2,0,41.25120370415971,9.0,2
2018,MS,home_confort,1,1,1,8690,1,1,35.258530092425644,2.0,1
2018,MS,home_construction,7,6,6,101900,6,3,139.58982638875023,23.0,6
2018,MS,housewares,17,17,17,254008,17,3,285.21356481546536,66.0,17
2018,MS,luggage_accessories,5,5,5,95503,5,0,54.01181712932885,21.0,5
2018,MS,market_place,2,2,2,11889,2,0,20.75124999973923,5.0,2
2018,MS,musical_instruments,6,6,6,319350,6,1,125.54167824052274,27.0,6
2018,MS,office_furniture,3,3,3,61978,3,0,67.13972222199664,10.0,3
2018,MS,perfumery,14,14,14,104833,14,2,258.2307986118831,60.0,14
2018,MS,pet_shop,15,15,15,177423,15,2,260.7313773133792,56.0,15
2018,MS,signaling_and_security,1,1,1,35800,1,0,14.218645833432674,5.0,1
2018,MS,small_appliances,3,3,3,24642,3,0,35.815416666679084,11.0,3
2018,MS,small_appliances_home_oven_and_coffee,1,1,1,75000,1,0,20.09677083324641,5.0,1
2018,MS,sports_leisure,32,32,32,583632,32,5,589.5207523149438,130.0,32
2018,MS,stationery,12,12,12,120280,12,2,200.5468981480226,49.0,12
2018,MS,telephony,19,19,19,127225,19,2,273.9930439828895,82.0,19
2018,MS,toys,16,16,16,152504,16,2,269.19501157291234,64.0,16
2018,MS,watches_gifts,22,22,22,482710,22,6,403.72871527820826,81.0,22
2018,MT,Unknown,6,6,6,67203,6,1,128.22236111061648,23.0,5
2018,MT,agro_industry_and_commerce,2,2,2,53000,2,0,33.82383101899177,9.0,2
2018,MT,air_conditioning,2,2,2,38680,2,0,37.42910879617557,6.0,2
2018,MT,art,1,1,1,6999,1,0,15.496469907462597,5.0,1
2018,MT,audio,4,4,4,67180,4,1,83.31027777772397,13.0,4
2018,MT,auto,32,31,31,413257,31,1,523.950682870578,130.0,31
2018,MT,baby,16,15,15,331946,15,0,230.8928935197182,67.0,15
2018,MT,bed_bath_table,27,27,27,368209,27,0,457.2828009254299,115.0,26
2018,MT,books_general_interest,2,2,2,4450,2,1,69.63513888930902,8.0,2
2018,MT,books_technical,4,4,4,22229,4,0,64.73070601839572,17.0,4
2018,MT,christmas_supplies,1,1,1,7990,1,0,21.442604166455567,5.0,1
2018,MT,cine_photo,1,1,1,67599,1,0,10.888530092313886,5.0,1
2018,MT,computers_accessories,19,19,19,270671,19,0,364.1132986107841,77.0,19
2018,MT,consoles_games,4,4,4,15150,4,0,68.07188657438383,17.0,4
2018,MT,construction_tools_construction,6,6,6,314598,6,0,113.94486111123115,27.0,6
2018,MT,construction_tools_lights,2,2,2,39999,2,0,36.2076504630968,9.0,2
2018,MT,construction_tools_safety,4,4,4,106359,4,0,71.71266203699633,15.0,4
2018,MT,cool_stuff,17,17,17,299930,17,1,335.1252083336003,76.0,17
2018,MT,costruction_tools_tools,1,1,1,19000,1,0,20.0819097221829,4.0,1
2018,MT,drinks,1,1,1,1949,1,0,11.142893518786877,5.0,1
2018,MT,electronics,12,12,12,43013,12,2,223.9090393516235,40.0,12
2018,MT,fashio_female_clothing,1,1,1,3499,1,0,15.403206018730998,5.0,1
2018,MT,fashion_bags_accessories,8,7,7,24857,7,0,116.57004629634321,31.0,7
2018,MT,fashion_male_clothing,1,1,1,14750,1,0,19.168113425839692,1.0,1
2018,MT,fashion_shoes,2,2,2,32060,2,0,34.15335648134351,10.0,2
2018,MT,food,4,4,4,28470,4,0,55.90842592576519,19.0,4
2018,MT,furniture_decor,24,24,24,351027,24,3,452.7005208339542,87.0,23
2018,MT,furniture_living_room,2,2,2,31989,2,0,32.94894675910473,9.0,2
2018,MT,garden_tools,14,14,14,225999,14,1,283.9844328700565,68.0,14
2018,MT,health_beauty,50,49,49,877235,49,3,911.7122800927609,206.0,49
2018,MT,home_appliances,3,3,3,48700,3,0,45.388437499757856,15.0,3
2018,MT,home_confort,1,1,1,32900,1,0,13.046793981455266,5.0,1
2018,MT,home_construction,5,5,5,72949,5,0,76.41202546283603,20.0,5
2018,MT,housewares,31,31,31,272835,31,2,511.71886574150994,131.0,31
2018,MT,industry_commerce_and_business,3,3,3,28100,3,0,47.829976852051914,14.0,3
2018,MT,kitchen_dining_laundry_garden_furniture,1,1,1,9600,1,0,21.09869212983176,1.0,1
2018,MT,luggage_accessories,3,3,3,38590,3,0,56.423043981194496,14.0,3
2018,MT,market_place,2,2,2,16980,2,0,34.94626157404855,7.0,2
2018,MT,musical_instruments,4,4,4,369880,4,0,60.36400462966412,19.0,4
2018,MT,office_furniture,7,7,7,111134,7,0,164.5486689810641,28.0,7
2018,MT,perfumery,9,9,9,82398,9,1,173.34243055572733,31.0,9
2018,MT,pet_shop,8,8,8,162457,8,2,181.8902893513441,33.0,8
2018,MT,signaling_and_security,1,1,1,291940,1,0,13.206435184925795,3.0,1
2018,MT,small_appliances,2,2,2,101500,2,0,29.297280092723668,10.0,2
2018,MT,small_appliances_home_oven_and_coffee,1,1,1,75000,1,1,29.998298611026257,3.0,1
2018,MT,sports_leisure,39,38,38,494495,38,3,665.9487384241074,169.0,38
2018,MT,stationery,12,12,12,144206,12,0,190.37436342565343,57.0,12
2018,MT,telephony,37,35,35,244076,35,2,573.3375925915316,131.0,35
2018,MT,toys,17,17,17,238443,17,1,242.4486226849258,71.0,17
2018,MT,watches_gifts,30,30,30,623784,30,2,485.9676388911903,125.0,30
2018,PA,Unknown,10,9,9,107656,9,1,240.1398726850748,32.0,9
2018,PA,agro_industry_and_commerce,2,2,2,110998,2,0,28.522256944328547,9.0,2
2018,PA,art,1,1,1,9999,1,0,21.727303240913898,3.0,1
2018,PA,audio,1,1,1,56800,1,1,48.74462962942198,1.0,1
2018,PA,auto,26,26,26,433899,26,5,688.239953703247,97.0,26
2018,PA,baby,26,26,26,657536,26,3,666.5953935179859,99.0,26
2018,PA,bed_bath_table,12,12,12,99307,12,1,333.10483796242625,49.0,12
2018,PA,books_general_interest,2,2,2,16569,2,0,45.25208333320916,9.0,2
2018,PA,books_imported,1,1,1,12998,1,0,7.297650462947786,5.0,1
2018,PA,books_technical,2,2,2,14889,2,0,37.068796296138316,9.0,2
2018,PA,christmas_supplies,1,1,1,70140,1,1,43.85818287031725,0,0
2018,PA,cine_photo,2,2,2,24970,2,1,57.31201388919726,6.0,2
2018,PA,computers,2,2,2,138900,2,1,61.77638888871297,6.0,2
2018,PA,computers_accessories,39,37,37,537300,37,5,952.7722453707829,141.0,37
2018,PA,consoles_games,6,6,6,108575,6,1,194.4574652784504,17.0,6
2018,PA,construction_tools_construction,2,2,2,48789,2,0,38.372476851567626,9.0,2
2018,PA,construction_tools_lights,1,1,1,2900,1,0,11.055671296082437,5.0,1
2018,PA,cool_stuff,16,15,15,219871,15,5,398.3640277767554,52.0,14
2018,PA,costruction_tools_garden,1,1,1,13990,1,0,26.58010416664183,1.0,1
2018,PA,costruction_tools_tools,1,1,1,2700,1,0,32.317060185130686,0,0
2018,PA,drinks,1,1,1,10500,1,1,46.01013888930902,3.0,1
2018,PA,electronics,16,16,16,200309,16,1,331.49962962884456,62.0,16
2018,PA,fashion_bags_accessories,12,12,12,81538,12,2,296.60787037108094,43.0,11
2018,PA,fashion_shoes,1,1,1,19970,1,0,18.488298611249775,4.0,1
2018,PA,fashion_underwear_beach,1,1,1,5990,1,0,30.847974536940455,4.0,1
2018,PA,furniture_decor,31,29,29,568889,29,4,758.2321296306327,100.0,29
2018,PA,garden_tools,11,11,11,158827,11,4,327.27274305652827,34.0,10
2018,PA,health_beauty,57,56,56,1293505,56,14,1468.0669328691438,208.0,55
2018,PA,home_appliances,4,4,4,38905,4,0,95.07678240723908,19.0,4
2018,PA,home_construction,2,2,2,24980,2,0,50.37971064820886,5.0,2
2018,PA,housewares,16,15,15,195620,15,1,374.72997685242444,64.0,15
2018,PA,luggage_accessories,3,3,3,67950,3,0,33.57357638888061,14.0,3
2018,PA,musical_instruments,2,2,2,50900,2,0,38.96750000026077,9.0,2
2018,PA,office_furniture,9,8,8,149262,8,0,224.7840972226113,25.0,8
2018,PA,perfumery,12,12,12,136933,12,0,285.56973379664123,49.0,12
2018,PA,pet_shop,4,4,4,39470,4,0,75.91841435199603,17.0,4
2018,PA,portateis_cozinha_e_preparadores_de_alimentos,1,1,1,97900,1,0,19.136388888582587,5.0,1
2018,PA,signaling_and_security,1,1,1,14970,1,0,9.234548611100763,4.0,1
2018,PA,small_appliances,2,2,2,27356,2,0,34.68372685229406,8.0,2
2018,PA,sports_leisure,40,38,38,719502,38,6,987.2195370350964,139.0,36
2018,PA,stationery,14,14,14,187070,14,4,354.46812499919906,51.0,13
2018,PA,tablets_printing_image,2,2,2,10980,2,0,47.68326388904825,6.0,2
2018,PA,telephony,27,27,27,424938,27,8,770.7513773147948,74.0,26
2018,PA,toys,7,5,5,57627,5,1,167.87634259276092,23.0,5
2018,PA,watches_gifts,39,39,39,1221457,39,4,848.4587615760975,162.0,38
2018,PB,Unknown,2,2,2,19276,2,0,41.28665509214625,10.0,2
2018,PB,agro_industry_and_commerce,1,0,0,0,0,0,0,0,0
2018,PB,air_conditioning,1,1,1,3590,1,0,15.336168981622905,5.0,1
2018,PB,art,1,1,1,11099,1,0,20.463483796454966,1.0,1
2018,PB,auto,12,12,12,201214,12,1,193.05555555643514,48.0,12
2018,PB,baby,6,6,6,111278,6,2,150.31344907404855,22.0,6
2018,PB,bed_bath_table,11,11,11,114079,11,1,207.62644675886258,42.0,11
2018,PB,books_general_interest,1,1,1,3000,1,0,18.303599537350237,4.0,1
2018,PB,computers,1,1,1,459000,1,0,13.531377314589918,5.0,1
2018,PB,computers_accessories,27,26,26,329246,26,1,387.19412037031725,114.0,26
2018,PB,consoles_games,3,3,3,42588,3,0,29.725497684907168,13.0,3
2018,PB,construction_tools_construction,1,1,1,22690,1,0,11.95940972212702,1.0,1
2018,PB,construction_tools_safety,2,2,2,45900,2,0,38.47597222216427,6.0,2
2018,PB,cool_stuff,7,7,7,122409,7,0,128.4749537035823,30.0,7
2018,PB,costruction_tools_tools,1,1,1,30900,1,0,16.717905092518777,5.0,1
2018,PB,diapers_and_hygiene,1,1,1,4700,1,0,9.341620370279998,4.0,1
2018,PB,electronics,9,9,9,242323,9,2,180.44269675994292,35.0,9
2018,PB,fashion_bags_accessories,4,4,4,44670,4,2,90.70447916630656,13.0,4
2018,PB,fixed_telephony,2,2,2,139699,2,1,51.37670138850808,6.0,2
2018,PB,food,2,1,1,2790,1,0,8.91775462962687,5.0,1
2018,PB,furniture_decor,12,12,12,236149,12,2,246.78814814891666,43.0,12
2018,PB,furniture_living_room,2,2,2,14298,2,0,30.793148148804903,10.0,2
2018,PB,garden_tools,5,5,5,29841,5,2,117.9791782409884,18.0,5
2018,PB,health_beauty,42,42,42,814662,42,3,752.1729050925933,173.0,42
2018,PB,home_appliances,1,1,1,209000,1,0,10.05685185175389,5.0,1
2018,PB,home_confort,1,1,1,8690,1,1,33.254502314608544,1.0,1
2018,PB,home_construction,4,4,4,64800,4,0,62.286793982144445,19.0,4
2018,PB,housewares,10,10,10,115470,10,0,188.8493518512696,42.0,10
2018,PB,industry_commerce_and_business,1,1,1,308900,1,0,18.381851851474494,5.0,1
2018,PB,luggage_accessories,3,3,3,54980,3,0,54.891342592891306,15.0,3
2018,PB,musical_instruments,2,2,2,20390,2,0,18.965891203843057,10.0,2
2018,PB,office_furniture,4,4,4,77184,4,0,151.25657407427207,14.0,4
2018,PB,perfumery,5,5,5,89871,5,0,53.629166666418314,21.0,5
2018,PB,pet_shop,4,4,4,35079,4,1,73.91318287048489,16.0,4
2018,PB,signaling_and_security,1,1,1,105000,1,0,13.772835648152977,5.0,1
2018,PB,small_appliances,3,3,3,167946,3,0,69.05009259236977,15.0,3
2018,PB,sports_leisure,16,15,15,222998,15,3,333.83534722262993,61.0,15
2018,PB,stationery,10,10,10,129840,10,0,187.97480324096978,42.0,10
2018,PB,telephony,16,16,16,270876,16,1,306.18555555678904,61.0,16
2018,PB,toys,7,7,7,281959,7,0,114.48423611139879,35.0,7
2018,PB,watches_gifts,31,30,30,1048208,30,1,643.1952777761035,130.0,30
2018,PE,Unknown,9,9,9,147944,9,1,130.87603009259328,31.0,9
2018,PE,agro_industry_and_commerce,2,2,2,134694,2,0,59.05218750005588,9.0,2
2018,PE,air_conditioning,1,1,1,18690,1,0,18.6339699071832,1.0,1
2018,PE,art,1,1,1,11099,1,0,19.083854166790843,5.0,1
2018,PE,auto,52,50,50,785469,50,5,802.6098379627801,206.0,50
2018,PE,baby,26,26,26,343818,26,5,497.4282060181722,104.0,26
2018,PE,bed_bath_table,32,31,31,339865,31,2,560.5164351849817,125.0,31
2018,PE,books_general_interest,2,2,2,9489,2,0,44.31615740712732,9.0,2
2018,PE,books_technical,2,2,2,12249,2,0,23.535740740597248,10.0,2
2018,PE,christmas_supplies,4,4,4,37245,4,2,112.83629629621282,18.0,4
2018,PE,cine_photo,1,1,1,4980,1,0,24.27112268516794,5.0,1
2018,PE,computers,3,3,3,249800,3,1,39.452499999664724,10.0,3
2018,PE,computers_accessories,58,58,58,753277,58,2,771.7485532402061,246.0,58
2018,PE,consoles_games,4,3,3,116600,3,0,53.5115972221829,11.0,3
2018,PE,construction_tools_construction,7,7,7,95677,7,0,112.68512731511146,28.0,7
2018,PE,construction_tools_lights,3,2,2,33998,2,0,29.90704861143604,9.0,2
2018,PE,construction_tools_safety,2,2,2,62618,2,0,25.664502314757556,8.0,2
2018,PE,cool_stuff,38,38,38,716496,38,2,640.7144675906748,159.0,37
2018,PE,costruction_tools_garden,6,6,6,99554,6,0,92.93021990731359,27.0,6
2018,PE,costruction_tools_tools,1,1,1,19000,1,0,11.067939814645797,5.0,1
2018,PE,electronics,24,22,22,118139,22,3,409.10922453692183,83.0,20
2018,PE,fashion_bags_accessories,13,13,13,69307,13,1,207.90440972149372,59.0,13
2018,PE,fashion_shoes,4,4,4,64060,4,1,120.28013888886198,16.0,4
2018,PE,flowers,1,1,1,10980,1,0,15.731446758843958,0,0
2018,PE,food,2,2,2,10789,2,0,25.195682869758457,5.0,2
2018,PE,food_drink,3,3,3,24089,3,0,53.29476851830259,15.0,3
2018,PE,furniture_decor,35,34,34,499638,34,4,683.5468981466256,131.0,33
2018,PE,furniture_living_room,1,1,1,13990,1,1,27.922777778003365,1.0,1
2018,PE,garden_tools,26,26,26,342825,26,2,434.14120370335877,103.0,26
2018,PE,health_beauty,139,136,136,2527138,136,22,2388.4340046267025,551.0,135
2018,PE,home_appliances,3,3,3,14750,3,0,51.37881944468245,15.0,3
2018,PE,home_appliances_2,1,1,1,75000,1,0,9.895983796101063,5.0,1
2018,PE,home_confort,2,2,2,13180,2,1,44.072557870298624,2.0,2
2018,PE,home_construction,4,4,4,75490,4,0,55.04991898173466,16.0,4
2018,PE,housewares,31,30,30,335989,30,0,467.18290509143844,134.0,30
2018,PE,industry_commerce_and_business,3,1,1,6900,1,0,5.765810185112059,5.0,1
2018,PE,kitchen_dining_laundry_garden_furniture,2,2,2,42388,2,0,39.92884259251878,6.0,2
2018,PE,luggage_accessories,5,5,5,57788,5,0,65.3026041672565,24.0,5
2018,PE,musical_instruments,7,7,7,205749,7,1,142.24864583322778,27.0,7
2018,PE,office_furniture,9,9,9,210417,9,1,254.53663194458932,35.0,9
2018,PE,perfumery,20,19,19,320582,19,3,350.6019212952815,79.0,18
2018,PE,pet_shop,8,8,8,91962,8,1,130.1024884255603,31.0,8
2018,PE,signaling_and_security,1,1,1,7780,1,0,23.777118055615574,5.0,1
2018,PE,small_appliances,2,2,2,76490,2,0,20.302615740336478,5.0,2
2018,PE,sports_leisure,52,50,50,656884,50,5,893.5249999994412,211.0,50
2018,PE,stationery,26,26,26,220811,26,1,485.5853009256534,114.0,26
2018,PE,telephony,75,74,74,652129,74,7,1366.343425925821,304.0,73
2018,PE,toys,16,15,15,246041,15,1,214.81960648158565,65.0,15
2018,PE,watches_gifts,107,105,105,2435543,105,10,1856.8794791661203,401.0,105
2018,PI,Unknown,5,5,5,43017,5,1,94.85178240761161,20.0,5
2018,PI,agro_industry_and_commerce,1,1,1,2999,1,0,10.301527777686715,4.0,1
2018,PI,air_conditioning,2,2,2,36890,2,0,28.959571758750826,8.0,2
2018,PI,art,1,1,1,22198,1,0,24.681435185018927,4.0,1
2018,PI,audio,3,3,3,4970,3,0,38.822893518954515,13.0,3
2018,PI,auto,16,16,16,659968,16,4,332.9502662019804,54.0,16
2018,PI,baby,4,4,4,222140,4,0,57.04835648043081,17.0,4
2018,PI,bed_bath_table,13,13,13,163527,13,3,293.3774652769789,42.0,12
2018,PI,books_technical,1,1,1,3000,1,1,41.03521990729496,1.0,1
2018,PI,computers,2,2,2,161999,2,0,25.365289351902902,10.0,2
2018,PI,computers_accessories,22,22,22,378524,22,3,412.31607638904825,94.0,22
2018,PI,consoles_games,3,3,3,77060,3,0,68.07518518529832,8.0,3
2018,PI,construction_tools_construction,1,0,0,0,0,0,0,0,0
2018,PI,construction_tools_lights,1,1,1,29700,1,0,18.0106828706339,1.0,1
2018,PI,cool_stuff,4,4,4,52899,4,0,68.92061342578381,19.0,4
2018,PI,costruction_tools_garden,3,3,3,23240,3,0,41.7254050928168,15.0,3
2018,PI,dvds_blu_ray,1,1,1,2500,1,0,14.08728009276092,5.0,1
2018,PI,electronics,16,15,15,96924,15,3,297.15553240664303,59.0,15
2018,PI,fashion_bags_accessories,1,1,1,4990,1,1,27.77603009250015,1.0,1
2018,PI,fashion_shoes,1,1,1,19970,1,1,40.70589120360091,1.0,1
2018,PI,fixed_telephony,2,2,2,31000,2,0,40.026469907257706,8.0,2
2018,PI,food,1,1,1,14990,1,0,20.225624999962747,5.0,1
2018,PI,furniture_decor,6,6,6,80096,6,2,169.2508217599243,22.0,6
2018,PI,garden_tools,6,5,5,45320,5,1,104.38385416660458,19.0,5
2018,PI,health_beauty,32,31,31,727773,31,6,612.7337847235613,113.0,31
2018,PI,home_appliances,2,2,2,25900,2,0,43.78635416692123,6.0,2
2018,PI,home_confort,2,2,2,40899,2,0,33.15460648108274,9.0,2
2018,PI,home_construction,3,3,3,52460,3,0,47.268263889010996,14.0,3
2018,PI,housewares,9,9,9,199630,9,2,179.7753009251319,32.0,9
2018,PI,industry_commerce_and_business,2,2,2,12630,2,0,24.846053241286427,10.0,2
2018,PI,luggage_accessories,3,3,3,37979,3,1,55.71541666705161,3.0,3
2018,PI,musical_instruments,2,2,2,78000,2,0,29.241875000298023,10.0,2
2018,PI,office_furniture,6,5,5,69267,5,3,158.38827546313405,20.0,5
2018,PI,party_supplies,1,1,1,23120,1,0,21.464490740559995,5.0,1
2018,PI,perfumery,8,8,8,97791,8,1,143.73104166658595,23.0,7
2018,PI,pet_shop,4,4,4,47779,4,0,72.15190972248092,18.0,4
2018,PI,sports_leisure,20,19,19,431596,19,4,373.6024189814925,81.0,19
2018,PI,stationery,6,5,5,43680,5,0,86.89467592583969,23.0,5
2018,PI,telephony,19,18,18,168867,18,2,302.62762731453404,70.0,18
2018,PI,toys,8,8,8,130868,8,1,134.32909722160548,34.0,8
2018,PI,watches_gifts,25,25,25,557383,25,3,430.65872685192153,97.0,25
2018,PR,Unknown,35,35,35,398967,35,1,475.51241898396984,145.0,35
2018,PR,agro_industry_and_commerce,8,8,8,216857,8,1,95.27185185207054,35.0,8
2018,PR,air_conditioning,7,7,7,277149,7,0,66.71738425875083,28.0,7
2018,PR,art,8,8,8,67392,8,0,84.98261574143544,39.0,8
2018,PR,audio,10,10,10,228278,10,1,122.5423958315514,41.0,10
2018,PR,auto,129,127,127,1450017,127,7,1556.4776041642763,536.0,127
2018,PR,baby,90,90,90,1453551,90,5,1008.217013889458,367.0,89
2018,PR,bed_bath_table,204,203,203,2170276,203,7,2516.239247688558,793.0,201
2018,PR,books_general_interest,18,17,17,135933,17,1,209.46415509283543,81.0,17
2018,PR,books_imported,1,1,1,4499,1,0,4.0772337964735925,1.0,1
2018,PR,books_technical,11,11,11,88472,11,1,122.23384259222075,49.0,11
2018,PR,christmas_supplies,2,2,2,4940,2,0,28.61181712942198,10.0,2
2018,PR,cine_photo,2,2,2,29360,2,0,40.08547453675419,9.0,2
2018,PR,computers,1,1,1,64000,1,0,6.00521990749985,5.0,1
2018,PR,computers_accessories,203,200,200,2590830,200,10,2260.336192131974,809.0,200
2018,PR,consoles_games,22,20,20,390415,20,1,225.49619213026017,69.0,20
2018,PR,construction_tools_construction,40,40,40,860433,40,2,409.63677083328366,173.0,40
2018,PR,construction_tools_lights,13,13,13,206188,13,1,155.6946759261191,52.0,13
2018,PR,construction_tools_safety,10,10,10,139915,10,0,115.38747685123235,44.0,10
2018,PR,cool_stuff,78,78,78,1411525,78,4,916.1138078705408,338.0,77
2018,PR,costruction_tools_garden,5,5,5,64859,5,1,49.76516203721985,23.0,5
2018,PR,costruction_tools_tools,7,7,7,26698,7,0,87.09064814820886,29.0,6
2018,PR,diapers_and_hygiene,2,2,2,9700,2,0,19.738240741193295,9.0,2
2018,PR,drinks,10,10,10,144932,10,1,146.91561342496425,39.0,10
2018,PR,dvds_blu_ray,2,2,2,7470,2,0,27.453935184981674,9.0,2
2018,PR,electronics,107,106,106,483558,106,2,1203.6827662023716,440.0,104
2018,PR,fashion_bags_accessories,49,49,49,312390,49,4,581.1732291653752,209.0,49
2018,PR,fashion_male_clothing,2,2,2,19499,2,0,20.813460648525506,9.0,2
2018,PR,fashion_shoes,1,1,1,5680,1,0,6.39651620388031,5.0,1
2018,PR,fixed_telephony,1,1,1,14285,1,0,24.021643518470228,3.0,1
2018,PR,food,19,18,18,118629,18,2,166.7323032412678,85.0,18
2018,PR,food_drink,5,5,5,21279,5,0,40.64715277822688,24.0,5
2018,PR,furniture_decor,216,215,215,2606538,215,8,2227.7121759266593,914.0,215
2018,PR,furniture_living_room,7,6,6,100488,6,0,55.40589120378718,25.0,6
2018,PR,garden_tools,72,71,71,935823,71,0,934.697048610542,321.0,71
2018,PR,health_beauty,213,210,210,3111394,210,12,2347.905694444198,892.0,208
2018,PR,home_appliances,28,28,28,350850,28,3,349.72143518552184,118.0,28
2018,PR,home_appliances_2,12,11,11,481884,11,1,133.77019675960764,49.0,11
2018,PR,home_confort,5,5,5,54060,5,0,75.32813657447696,19.0,5
2018,PR,home_construction,18,18,18,160111,18,0,225.16668981453404,75.0,18
2018,PR,housewares,172,172,172,2235038,172,4,1904.332407401409,712.0,172
2018,PR,industry_commerce_and_business,8,8,8,98200,8,1,94.19429398141801,32.0,8
2018,PR,kitchen_dining_laundry_garden_furniture,7,7,7,194919,7,1,67.8469328712672,28.0,7
2018,PR,luggage_accessories,23,22,22,349485,22,0,227.90956018539146,100.0,22
2018,PR,market_place,7,7,7,49343,7,0,93.25837962888181,30.0,7
2018,PR,music,3,3,3,18490,3,0,34.39392361138016,13.0,3
2018,PR,musical_instruments,23,23,23,861201,23,0,223.0542708337307,108.0,23
2018,PR,office_furniture,28,27,27,785997,27,1,526.0003819447011,111.0,27
2018,PR,party_supplies,1,1,1,6000,1,0,7.10094907367602,5.0,1
2018,PR,perfumery,67,67,67,779187,67,5,853.0559375039302,300.0,67
2018,PR,pet_shop,35,34,34,366987,34,0,381.0407175910659,143.0,34
2018,PR,signaling_and_security,1,1,1,10000,1,0,13.969872685149312,4.0,1
2018,PR,small_appliances,22,21,21,599016,21,2,206.85503472201526,94.0,21
2018,PR,small_appliances_home_oven_and_coffee,8,8,8,859000,8,1,95.37498842645437,34.0,8
2018,PR,sports_leisure,231,227,227,2946369,227,14,2365.5099652782083,939.0,226
2018,PR,stationery,75,73,73,678354,73,2,920.9295486123301,338.0,73
2018,PR,tablets_printing_image,1,1,1,5200,1,0,7.248194444458932,5.0,1
2018,PR,telephony,119,119,119,739076,119,7,1469.8921875013039,489.0,118
2018,PR,toys,82,82,82,932045,82,4,807.3141666688025,342.0,81
2018,PR,watches_gifts,182,178,178,3929288,178,11,2203.5210300930776,728.0,177
2018,RJ,Unknown,67,62,62,631667,62,7,912.660196761135,214.0,61
2018,RJ,agro_industry_and_commerce,18,17,17,415902,17,3,270.45032407389954,70.0,17
2018,RJ,air_conditioning,34,33,33,529005,33,4,494.33582175988704,125.0,32
2018,RJ,art,27,27,27,254655,27,1,375.30368055636063,112.0,27
2018,RJ,audio,32,32,32,616346,32,7,559.0999884270132,102.0,31
2018,RJ,auto,249,242,242,3320394,242,24,3408.692534721922,981.0,240
2018,RJ,baby,180,174,174,2273220,174,31,3139.723703701049,627.0,171
2018,RJ,bed_bath_table,662,646,646,6636241,646,106,10682.661203699186,2360.5,636
2018,RJ,books_general_interest,26,22,22,187751,22,4,358.5058217588812,101.0,22
2018,RJ,books_imported,4,4,4,41378,4,0,51.73207175871357,20.0,4
2018,RJ,books_technical,25,25,25,110668,25,3,308.16771990898997,96.0,24
2018,RJ,christmas_supplies,8,8,8,39313,8,3,205.80980324046686,27.0,8
2018,RJ,cine_photo,3,3,3,22760,3,0,38.73879629559815,13.0,3
2018,RJ,computers,8,6,6,358248,6,0,80.04172453703359,27.0,6
2018,RJ,computers_accessories,504,490,490,5832185,490,76,8485.554444441572,1819.0,483
2018,RJ,consoles_games,31,31,31,412788,31,4,508.40878472151235,118.0,30
2018,RJ,construction_tools_construction,82,80,80,1694516,80,11,1274.2982870358974,271.0,77
2018,RJ,construction_tools_lights,15,15,15,236043,15,3,207.79723379714414,54.0,15
2018,RJ,construction_tools_safety,14,14,14,210470,14,1,229.10269675822929,45.0,13
2018,RJ,cool_stuff,188,179,179,3076590,179,23,3051.340034724679,681.0,177
2018,RJ,costruction_tools_garden,20,19,19,404373,19,2,269.04402777692303,76.0,19
2018,RJ,costruction_tools_tools,8,8,8,92278,8,0,78.67031250009313,31.0,8
2018,RJ,diapers_and_hygiene,1,1,1,6000,1,0,3.72704861080274,5.0,1
2018,RJ,drinks,31,30,30,474948,30,1,417.9610648136586,123.0,30
2018,RJ,dvds_blu_ray,3,3,3,18887,3,0,32.96421296289191,11.0,3
2018,RJ,electronics,276,269,269,1516486,269,49,4659.267511575017,1022.0,268
2018,RJ,fashion_bags_accessories,84,84,84,802214,84,12,1216.5017592594959,344.0,84
2018,RJ,fashion_male_clothing,2,2,2,17998,2,0,22.865462963003665,8.0,2
2018,RJ,fashion_shoes,6,6,6,98079,6,1,116.78548611095175,26.0,6
2018,RJ,fashion_sport,1,1,1,8990,1,0,10.819895833265036,5.0,1
2018,RJ,fashion_underwear_beach,2,2,2,9980,2,2,64.62704861117527,2.0,2
2018,RJ,fixed_telephony,11,10,10,284480,10,1,172.91364583279938,36.0,10
2018,RJ,flowers,4,4,4,19440,4,1,70.62791666667908,15.0,4
2018,RJ,food,31,31,31,199712,31,4,526.3295486127026,128.0,31
2018,RJ,food_drink,21,20,20,169948,20,3,325.7421180536039,78.0,20
2018,RJ,furniture_bedroom,11,10,10,204898,10,1,170.41293981438503,38.0,10
2018,RJ,furniture_decor,402,391,391,4869349,391,58,6661.832349536009,1463.5,389
2018,RJ,furniture_living_room,56,55,55,942557,55,5,633.8780671283603,215.0,55
2018,RJ,furniture_mattress_and_upholstery,2,2,2,18500,2,1,69.5660416665487,2.0,2
2018,RJ,garden_tools,216,209,209,3067024,209,38,3589.3984259245917,762.5,209
2018,RJ,health_beauty,567,547,547,7597710,547,51,7133.656770828646,2262.0,542
2018,RJ,home_appliances,56,54,54,663836,54,2,819.7602662034333,218.33333333333334,54
2018,RJ,home_appliances_2,35,35,35,2630602,35,2,387.8230324056931,147.0,35
2018,RJ,home_confort,21,21,21,233658,21,3,329.499189815484,84.0,21
2018,RJ,home_construction,41,40,40,581410,40,5,719.7787615740672,153.0,39
2018,RJ,housewares,429,407,407,4615123,407,36,5517.9116551000625,1635.0,406
2018,RJ,industry_commerce_and_business,19,19,19,263180,19,3,322.66413194453344,78.0,19
2018,RJ,kitchen_dining_laundry_garden_furniture,24,23,23,430616,23,1,301.7100925925188,93.0,23
2018,RJ,luggage_accessories,53,52,52,666258,52,9,709.180393517483,211.0,51
2018,RJ,market_place,11,11,11,65938,11,3,226.76690972270444,32.0,11
2018,RJ,music,5,5,5,62596,5,0,45.430775463115424,24.0,5
2018,RJ,musical_instruments,36,36,36,682246,36,7,639.4768171273172,138.0,36
2018,RJ,office_furniture,100,97,97,2244171,97,10,2708.6055208318867,327.5,97
2018,RJ,party_supplies,3,3,3,20170,3,0,36.93651620391756,10.0,3
2018,RJ,pc_gamer,1,1,1,12999,1,0,11.113148148171604,1.0,1
2018,RJ,perfumery,180,175,175,2267032,175,17,1988.1154166678898,741.0,173
2018,RJ,pet_shop,119,112,112,1330441,112,14,1508.8198611102998,455.0,111
2018,RJ,portateis_cozinha_e_preparadores_de_alimentos,1,1,1,8390,1,0,13.015798611100763,5.0,1
2018,RJ,signaling_and_security,11,11,11,157957,11,0,151.66874999925494,51.0,11
2018,RJ,small_appliances,39,38,38,1101309,38,3,561.314212964382,166.0,38
2018,RJ,small_appliances_home_oven_and_coffee,7,6,6,333209,6,0,67.49223379651085,30.0,6
2018,RJ,sports_leisure,469,456,456,5881548,456,85,7695.875011574011,1697.5,451
2018,RJ,stationery,161,154,154,1587351,154,25,2703.9881250006147,606.0,152
2018,RJ,telephony,202,198,198,1988010,198,24,2856.9743055524305,795.0,196
2018,RJ,toys,158,154,154,1863985,154,17,2240.388715281617,628.5,153
2018,RJ,watches_gifts,502,488,488,10077388,488,65,7301.27998843044,1851.0,482
2018,RN,Unknown,3,3,3,37575,3,0,43.62324074096978,15.0,3
2018,RN,art,1,1,1,7999,1,0,15.40481481468305,3.0,1
2018,RN,audio,1,1,1,18900,1,0,13.351643518544734,5.0,1
2018,RN,auto,10,10,10,289983,10,1,165.13418981432915,42.0,10
2018,RN,baby,8,8,8,159311,8,2,140.3486111117527,30.5,8
2018,RN,bed_bath_table,14,14,14,157598,14,0,279.16184027772397,64.0,14
2018,RN,books_general_interest,13,13,13,109260,13,0,99.75942129595205,64.0,13
2018,RN,books_technical,1,1,1,6500,1,0,23.318622685037553,5.0,1
2018,RN,computers_accessories,12,12,12,163035,12,1,202.4228009255603,50.0,12
2018,RN,consoles_games,1,1,1,68989,1,0,21.237835648469627,5.0,1
2018,RN,construction_tools_construction,6,6,6,165557,6,1,124.50650462927297,22.0,6
2018,RN,construction_tools_safety,1,1,1,13890,1,0,13.231238425709307,5.0,1
2018,RN,cool_stuff,7,7,7,131677,7,2,154.18685185164213,22.0,6
2018,RN,electronics,12,11,11,25218,11,1,239.28756944462657,42.0,11
2018,RN,fashion_bags_accessories,5,5,5,109589,5,1,121.51987268496305,15.0,5
2018,RN,fashion_shoes,2,1,1,19970,1,1,43.09799768496305,1.0,1
2018,RN,food,1,1,1,2790,1,0,13.969016203656793,5.0,1
2018,RN,food_drink,2,2,2,7050,2,0,18.906030092854053,9.0,2
2018,RN,furniture_bedroom,2,2,2,25200,2,0,30.05651620356366,9.0,2
2018,RN,furniture_decor,15,15,15,156319,15,1,295.17545138997957,62.0,15
2018,RN,garden_tools,6,5,5,86849,5,0,98.83473379677162,23.0,5
2018,RN,health_beauty,31,30,30,835113,30,2,497.8147569457069,133.0,30
2018,RN,home_appliances,1,1,1,13080,1,0,28.194745370186865,5.0,1
2018,RN,home_appliances_2,1,1,1,75000,1,0,12.038958333432674,5.0,1
2018,RN,housewares,9,9,9,71660,9,1,168.86123842559755,32.0,9
2018,RN,industry_commerce_and_business,1,1,1,15000,1,0,9.014328703749925,5.0,1
2018,RN,musical_instruments,1,1,1,29990,1,0,16.303564814850688,5.0,1
2018,RN,office_furniture,4,4,4,110478,4,1,135.48133101826534,12.0,3
2018,RN,perfumery,9,9,9,119383,9,1,245.3242361098528,29.0,9
2018,RN,pet_shop,2,2,2,23780,2,0,26.482731481082737,10.0,2
2018,RN,small_appliances,1,1,1,6900,1,0,11.11938657425344,5.0,1
2018,RN,sports_leisure,7,7,7,226089,7,1,97.7694675931707,28.0,7
2018,RN,stationery,6,6,6,226141,6,0,108.76311342604458,24.0,6
2018,RN,telephony,10,10,10,354884,10,1,198.62314814701676,43.0,10
2018,RN,toys,7,7,7,81949,7,0,116.7683217599988,31.0,7
2018,RN,watches_gifts,34,33,33,676961,33,3,583.9966203696094,133.0,32
2018,RO,Unknown,3,3,3,49976,3,0,52.24634259194136,14.0,3
2018,RO,art,1,1,1,9999,1,0,30.70077546313405,4.0,1
2018,RO,auto,4,4,4,29039,4,0,66.05771990772337,18.0,4
2018,RO,baby,6,6,6,135669,6,0,83.94302083365619,25.0,6
2018,RO,bed_bath_table,3,3,3,48670,3,0,71.22763888956979,12.0,3
2018,RO,christmas_supplies,1,1,1,6990,1,0,17.21145833330229,5.0,1
2018,RO,computers_accessories,9,9,9,149828,9,0,168.82672453764826,37.0,9
2018,RO,construction_tools_construction,3,3,3,99550,3,0,46.21280092606321,13.0,3
2018,RO,construction_tools_safety,1,1,1,33990,1,0,18.3804282406345,1.0,1
2018,RO,cool_stuff,8,8,8,154585,8,0,154.63179398095235,26.0,8
2018,RO,costruction_tools_garden,1,1,1,4147,1,0,23.380821759346873,5.0,1
2018,RO,electronics,2,2,2,3355,2,0,40.560104166623205,10.0,2
2018,RO,fashion_bags_accessories,4,4,4,47280,4,0,89.30642361100763,15.0,4
2018,RO,fashion_shoes,1,1,1,16979,1,0,12.931909722276032,5.0,1
2018,RO,food,1,1,1,9899,1,0,8.97646990697831,5.0,1
2018,RO,furniture_decor,2,2,2,26230,2,0,34.31189814861864,10.0,2
2018,RO,garden_tools,3,3,3,26160,3,0,62.58983796322718,15.0,3
2018,RO,health_beauty,12,12,12,526519,12,1,248.28527777828276,41.0,12
2018,RO,home_appliances,2,2,2,26158,2,0,18.26653935201466,10.0,2
2018,RO,home_confort,1,1,1,22900,1,0,11.851574074011296,5.0,1
2018,RO,housewares,3,3,3,43000,3,1,59.91287036985159,15.0,3
2018,RO,industry_commerce_and_business,1,1,1,7990,1,0,24.174062499776483,4.0,1
2018,RO,luggage_accessories,1,1,1,16990,1,0,12.767326388973743,5.0,1
2018,RO,office_furniture,3,3,3,84897,3,0,117.61688657384366,12.0,3
2018,RO,perfumery,2,2,2,39899,2,0,38.306689815130085,10.0,2
2018,RO,pet_shop,2,2,2,38500,2,0,47.66341435210779,7.0,2
2018,RO,small_appliances,1,1,1,9990,1,0,30.13296296307817,5.0,1
2018,RO,small_appliances_home_oven_and_coffee,1,1,1,199900,1,0,16.874525463208556,5.0,1
2018,RO,sports_leisure,6,6,6,81090,6,2,156.62898148177192,21.0,6
2018,RO,stationery,4,4,4,27070,4,0,76.79682870348915,17.0,4
2018,RO,telephony,8,8,8,42036,8,0,163.9327199072577,38.0,8
2018,RO,toys,3,3,3,36987,3,0,62.036666666157544,10.0,3
2018,RO,watches_gifts,6,6,6,100047,6,0,139.4512037038803,29.0,6
2018,RR,Unknown,2,2,2,24598,2,0,55.51471064798534,8.0,2
2018,RR,auto,1,1,1,21990,1,0,32.60596064804122,5.0,1
2018,RR,baby,2,1,1,94990,1,0,26.203090277966112,2.0,1
2018,RR,bed_bath_table,2,2,2,60970,2,1,104.12193286977708,6.0,2
2018,RR,computers_accessories,2,1,1,34900,1,0,10.93155092606321,5.0,1
2018,RR,electronics,1,1,1,1365,1,0,32.29238425940275,5.0,1
2018,RR,furniture_decor,2,2,2,47310,2,0,22.164745370391756,10.0,2
2018,RR,garden_tools,1,1,1,3010,1,0,30.401898148003966,4.0,1
2018,RR,health_beauty,1,0,0,0,0,0,0,0,0
2018,RR,home_appliances,2,2,2,82419,2,1,76.21265046298504,6.0,2
2018,RR,office_furniture,1,1,1,28990,1,0,39.22883101878688,4.0,1
2018,RR,perfumery,1,1,1,24400,1,0,25.25490740733221,5.0,1
2018,RR,sports_leisure,5,5,5,111460,5,0,85.01931712962687,16.0,5
2018,RR,stationery,1,0,0,0,0,0,0,0,0
2018,RR,telephony,1,1,1,2999,1,0,38.389999999664724,4.0,1
2018,RR,watches_gifts,1,1,1,21900,1,0,40.11629629647359,5.0,1
2018,RS,Unknown,47,46,46,473440,46,1,652.3885069452226,191.0,46
2018,RS,agro_industry_and_commerce,7,7,7,271893,7,0,53.40564814815298,33.0,7
2018,RS,air_conditioning,6,6,6,77880,6,0,68.48413194483146,30.0,6
2018,RS,art,7,6,6,48289,6,0,86.67146990681067,20.0,6
2018,RS,audio,4,4,4,112480,4,0,67.1971875000745,14.0,4
2018,RS,auto,120,119,119,1811382,119,8,1764.9744212972,518.0,119
2018,RS,baby,98,96,96,1415681,96,8,1357.3892013914883,395.0,96
2018,RS,bed_bath_table,258,258,258,3112018,258,25,4200.99299768405,1035.0,256
2018,RS,books_general_interest,14,14,14,134685,14,1,194.80930555565283,58.0,14
2018,RS,books_imported,1,1,1,5989,1,0,9.906909722369164,5.0,1
2018,RS,books_technical,9,9,9,54956,9,0,105.57581018470228,42.0,9
2018,RS,christmas_supplies,4,4,4,36000,4,0,71.90988425910473,14.0,4
2018,RS,cine_photo,9,9,9,82158,9,0,106.16435185307637,40.0,9
2018,RS,computers,1,1,1,59900,1,0,13.88400462968275,3.0,1
2018,RS,computers_accessories,218,217,217,2690016,217,17,3498.097384255845,887.0,217
2018,RS,consoles_games,19,18,18,276757,18,1,292.1967824087478,77.0,18
2018,RS,construction_tools_construction,26,26,26,426527,26,1,324.0669328691438,117.0,26
2018,RS,construction_tools_lights,18,18,18,225253,18,0,208.89380786940455,67.0,18
2018,RS,construction_tools_safety,4,3,3,24116,3,0,52.24081018473953,12.0,3
2018,RS,cool_stuff,94,93,93,1507031,93,5,1416.559039353393,394.0,92
2018,RS,costruction_tools_garden,5,5,5,36718,5,1,80.44899305608124,20.0,5
2018,RS,costruction_tools_tools,6,6,6,88360,6,1,90.47200231533498,30.0,6
2018,RS,drinks,11,10,10,84595,10,0,161.8129745372571,42.0,10
2018,RS,dvds_blu_ray,1,1,1,890,1,0,9.05545138893649,5.0,1
2018,RS,electronics,100,100,100,518523,100,8,1444.9468402783386,403.0,99
2018,RS,fashion_bags_accessories,28,28,28,250091,28,1,408.62479166779667,129.5,28
2018,RS,fashion_male_clothing,2,2,2,8350,2,0,17.429733796045184,10.0,2
2018,RS,fashion_shoes,3,3,3,28650,3,1,73.00481481477618,11.0,3
2018,RS,fashion_underwear_beach,1,1,1,5980,1,0,11.484016203787178,1.0,1
2018,RS,fixed_telephony,4,4,4,64290,4,0,46.92575231520459,17.0,4
2018,RS,flowers,2,2,2,5280,2,0,26.770127315074205,10.0,2
2018,RS,food,8,8,8,54748,8,0,87.70525462972,31.0,8
2018,RS,food_drink,1,1,1,4770,1,0,6.969351851847023,2.0,1
2018,RS,furniture_bedroom,1,1,1,18500,1,0,16.626064815092832,1.0,1
2018,RS,furniture_decor,230,225,225,3021823,225,14,3403.177916665096,900.0,225
2018,RS,furniture_living_room,10,10,10,158971,10,0,163.14679398247972,39.0,10
2018,RS,garden_tools,97,97,97,1422672,97,5,1518.2790277753957,401.0,97
2018,RS,health_beauty,229,228,228,2571672,228,20,3681.989907408599,960.0,228
2018,RS,home_appliances,29,29,29,420908,29,0,402.82466435199603,137.0,29
2018,RS,home_appliances_2,10,10,10,1004128,10,1,138.94822916667908,39.0,10
2018,RS,home_confort,8,8,8,128769,8,1,164.9516898151487,33.0,8
2018,RS,home_construction,26,26,26,467572,26,2,415.84687500074506,96.0,26
2018,RS,housewares,198,195,195,2252511,195,18,2863.2544444440864,817.0,194
2018,RS,industry_commerce_and_business,11,11,11,148599,11,1,177.9904513885267,45.0,11
2018,RS,kitchen_dining_laundry_garden_furniture,7,7,7,148090,7,0,72.46517361048609,32.0,7
2018,RS,luggage_accessories,21,21,21,320727,21,1,249.02924768486992,81.0,21
2018,RS,market_place,9,9,9,54842,9,0,103.66458333330229,42.0,9
2018,RS,music,1,1,1,29900,1,0,18.40408564824611,5.0,1
2018,RS,musical_instruments,18,17,17,482559,17,2,243.98960648151115,75.0,17
2018,RS,office_furniture,23,23,23,481044,23,1,580.5401851874776,89.0,23
2018,RS,party_supplies,2,2,2,8980,2,0,34.19467592611909,10.0,2
2018,RS,pc_gamer,1,1,1,21900,1,0,10.657395833637565,4.0,1
2018,RS,perfumery,71,69,69,1095559,69,3,1014.7017939784564,304.0,69
2018,RS,pet_shop,48,46,46,435116,46,1,639.177650462836,201.0,46
2018,RS,portateis_cozinha_e_preparadores_de_alimentos,1,1,1,97900,1,0,6.991469907574356,5.0,1
2018,RS,signaling_and_security,11,11,11,121356,11,0,129.23631944321096,45.0,11
2018,RS,small_appliances,19,19,19,835864,19,2,269.2923958338797,79.0,19
2018,RS,small_appliances_home_oven_and_coffee,3,3,3,49490,3,0,29.090312500018626,15.0,3
2018,RS,sports_leisure,200,196,196,2694816,196,14,2988.974120370578,830.0,195
2018,RS,stationery,82,82,82,786915,82,8,1398.1844791653566,350.0,82
2018,RS,telephony,121,118,118,1240573,118,6,1811.0598611119203,478.0,118
2018,RS,toys,61,60,60,767111,60,5,817.4255555556156,263.0,60
2018,RS,watches_gifts,119,117,117,2271551,117,12,1864.712037038058,447.0,115
2018,SC,Unknown,39,37,37,502072,37,7,631.1478009265848,138.0,37
2018,SC,agro_industry_and_commerce,3,3,3,106998,3,0,31.601724536623806,13.0,3
2018,SC,art,4,4,4,23239,4,1,64.30829861108214,17.0,4
2018,SC,arts_and_craftmanship,1,1,1,28949,1,0,3.067592592444271,5.0,1
2018,SC,audio,4,4,4,35389,4,1,69.33581018494442,15.0,4
2018,SC,auto,97,96,96,1640114,96,5,1262.086261574179,399.0,95
2018,SC,baby,60,60,60,1272933,60,3,800.1520254635252,243.0,59
2018,SC,bed_bath_table,143,143,143,1755692,143,20,2236.0352546311915,558.5,141
2018,SC,books_general_interest,10,10,10,67904,10,0,155.83799768565223,44.0,10
2018,SC,books_imported,1,1,1,2495,1,0,11.861689814832062,5.0,1
2018,SC,books_technical,8,7,7,64834,7,0,95.78460648236796,29.0,7
2018,SC,christmas_supplies,7,6,6,68980,6,0,81.66681712958962,25.0,6
2018,SC,cine_photo,3,3,3,104789,3,0,30.733587962575257,12.0,3
2018,SC,computers,1,1,1,58000,1,0,8.304247685242444,4.0,1
2018,SC,computers_accessories,150,148,148,1844411,148,19,2594.9730786997825,575.0,146
2018,SC,consoles_games,13,13,13,161123,13,2,230.25645833322778,52.0,13
2018,SC,construction_tools_construction,19,19,19,410881,19,0,210.91150462906808,87.0,19
2018,SC,construction_tools_lights,10,10,10,149916,10,1,121.9423148157075,41.0,9
2018,SC,construction_tools_safety,10,10,10,239380,10,0,95.83396990736946,45.0,10
2018,SC,cool_stuff,54,54,54,1183728,54,6,759.2608333341777,208.0,53
2018,SC,costruction_tools_garden,3,3,3,15930,3,0,56.31969907460734,14.0,3
2018,SC,costruction_tools_tools,3,3,3,26580,3,1,48.00906250020489,15.0,3
2018,SC,drinks,9,9,9,67246,9,0,103.33579861186445,42.0,9
2018,SC,dvds_blu_ray,1,1,1,2490,1,0,22.321006944403052,5.0,1
2018,SC,electronics,77,76,76,660697,76,6,1081.2453009295277,309.0,75
2018,SC,fashion_bags_accessories,26,26,26,235722,26,3,359.0108912046999,118.0,26
2018,SC,fashion_childrens_clothes,1,1,1,3999,1,0,6.440324074123055,5.0,1
2018,SC,fashion_shoes,2,2,2,43560,2,0,35.10916666686535,10.0,2
2018,SC,fashion_sport,1,1,1,5990,1,0,13.795613425783813,5.0,1
2018,SC,fashion_underwear_beach,5,5,5,23740,5,2,100.04615740757436,14.0,5
2018,SC,fixed_telephony,1,1,1,25000,1,0,14.20672453707084,4.0,1
2018,SC,food,12,12,12,60056,12,1,169.55773148080334,44.0,12
2018,SC,food_drink,3,3,3,9070,3,0,31.341053240932524,15.0,3
2018,SC,furniture_bedroom,2,2,2,57400,2,0,30.10518518462777,5.0,2
2018,SC,furniture_decor,146,144,144,1876147,144,15,2043.3666782388464,595.0,144
2018,SC,furniture_living_room,9,9,9,165977,9,0,97.05101851839572,36.0,9
2018,SC,furniture_mattress_and_upholstery,2,2,2,11970,2,1,94.16363425925374,8.0,2
2018,SC,garden_tools,55,55,55,1073121,55,3,792.8765625003725,232.0,55
2018,SC,health_beauty,158,158,158,2332993,158,16,2339.741932873614,653.0,156
2018,SC,home_appliances,15,15,15,215422,15,0,155.95395833346993,64.0,15
2018,SC,home_appliances_2,7,7,7,357499,7,1,103.43125000083819,30.0,7
2018,SC,home_confort,3,3,3,21879,3,0,41.19791666697711,10.0,3
2018,SC,home_construction,14,14,14,181838,14,0,173.35921296291053,54.0,14
2018,SC,housewares,125,124,124,1789854,124,14,1741.506099538412,496.0,123
2018,SC,industry_commerce_and_business,11,11,11,124189,11,1,134.52896990673617,44.0,10
2018,SC,kitchen_dining_laundry_garden_furniture,4,4,4,29868,4,0,54.47887731483206,19.0,4
2018,SC,la_cuisine,1,1,1,38900,1,0,6.116215277463198,4.0,1
2018,SC,luggage_accessories,15,15,15,238529,15,1,222.42033564904705,59.0,15
2018,SC,market_place,4,4,4,29560,4,1,73.35280092526227,18.0,4
2018,SC,musical_instruments,17,17,17,388775,17,1,160.97381944442168,76.0,17
2018,SC,office_furniture,19,19,19,505285,19,0,493.06712962919846,71.0,19
2018,SC,party_supplies,2,2,2,25890,2,0,15.389571759384125,7.0,2
2018,SC,perfumery,48,47,47,672715,47,5,663.6334722200409,200.0,47
2018,SC,pet_shop,40,40,40,467014,40,1,488.80826388904825,161.0,40
2018,SC,signaling_and_security,4,4,4,48350,4,0,44.87076388951391,17.0,4
2018,SC,small_appliances,12,12,12,397996,12,0,140.18297453597188,51.0,12
2018,SC,small_appliances_home_oven_and_coffee,4,4,4,475490,4,0,48.58474537031725,18.0,4
2018,SC,sports_leisure,157,155,155,2111865,155,11,2037.4215277796611,650.0,154
2018,SC,stationery,45,45,45,501581,45,2,719.4204745385796,196.0,44
2018,SC,telephony,81,80,80,579439,80,9,1319.5469560185447,313.0,80
2018,SC,toys,40,39,39,604135,39,1,465.7717592585832,165.0,39
2018,SC,watches_gifts,97,97,97,1926886,97,6,1469.4262152756564,399.0,97
2018,SE,Unknown,1,1,1,4790,1,0,16.94238425930962,5.0,1
2018,SE,auto,11,10,10,164095,10,2,196.2679513883777,37.0,10
2018,SE,baby,2,2,2,22980,2,0,28.96453703660518,10.0,2
2018,SE,bed_bath_table,5,5,5,42267,5,0,91.20856481511146,16.0,5
2018,SE,books_imported,1,1,1,5989,1,0,12.971273148432374,5.0,1
2018,SE,computers_accessories,19,19,19,293928,19,0,257.6516435178928,85.0,19
2018,SE,consoles_games,1,1,1,131499,1,0,15.978113425895572,5.0,1
2018,SE,construction_tools_construction,1,1,1,77990,1,0,8.06024305569008,4.0,1
2018,SE,construction_tools_lights,1,1,1,23000,1,0,23.901527777779847,4.0,1
2018,SE,construction_tools_safety,1,1,1,7790,1,0,19.60629629623145,5.0,1
2018,SE,cool_stuff,8,8,8,206377,8,2,171.43811342585832,27.0,8
2018,SE,electronics,8,7,7,88635,7,2,159.19592592585832,25.0,7
2018,SE,fashion_bags_accessories,6,6,6,33850,6,0,83.99032407486811,24.0,6
2018,SE,furniture_decor,6,6,6,109789,6,2,136.50325231440365,19.0,6
2018,SE,furniture_living_room,1,1,1,7499,1,1,29.935995370615274,5.0,1
2018,SE,garden_tools,6,5,5,214312,5,3,132.21361111151055,12.0,5
2018,SE,health_beauty,20,18,18,359565,18,4,358.7123379637487,74.0,18
2018,SE,home_appliances_2,1,1,1,11999,1,0,12.768240740522742,5.0,1
2018,SE,home_confort,1,1,1,21900,1,0,15.157210648059845,2.0,1
2018,SE,housewares,4,4,4,68780,4,2,107.06068286998197,13.0,4
2018,SE,industry_commerce_and_business,3,3,3,25200,3,0,35.888842592947185,15.0,3
2018,SE,luggage_accessories,1,1,1,5290,1,0,14.166805555578321,5.0,1
2018,SE,market_place,1,1,1,14380,1,0,15.14517361111939,4.0,1
2018,SE,musical_instruments,1,1,1,115500,1,0,8.265127314720303,5.0,1
2018,SE,office_furniture,1,1,1,14998,1,0,27.827164351474494,4.0,1
2018,SE,perfumery,2,2,2,24900,2,1,64.56820601830259,9.0,2
2018,SE,signaling_and_security,1,1,1,16998,1,1,30.353599537163973,3.0,1
2018,SE,small_appliances,1,1,1,134900,1,0,11.711076389066875,1.0,1
2018,SE,sports_leisure,13,12,12,146095,12,0,169.143668982666,53.0,12
2018,SE,telephony,12,11,11,119881,11,3,218.51356481434777,40.0,11
2018,SE,toys,2,2,2,17150,2,0,22.42077546333894,9.0,2
2018,SE,watches_gifts,11,11,11,108658,11,1,157.7235879637301,48.0,11
2018,SP,Unknown,242,233,233,2650429,233,15,2006.751030093059,931.0,232
2018,SP,agro_industry_and_commerce,68,67,67,1807099,67,0,509.8946990747936,279.0,67
2018,SP,air_conditioning,63,62,62,1098852,62,1,588.586423613131,261.0,62
2018,SP,art,81,80,80,744740,80,10,655.6742245373316,306.0,79
2018,SP,arts_and_craftmanship,15,15,15,90625,15,0,67.44620370352641,61.0,15
2018,SP,audio,74,74,74,1108802,74,4,621.3614467573352,309.0,74
2018,SP,auto,1039,1024,1024,12503254,1024,56,7620.978321758565,4348.5,1022
2018,SP,baby,706,682,682,9973422,682,36,5557.553611107171,2898.0,678
2018,SP,bed_bath_table,2488,2455,2455,26798344,2455,97,20949.223912039306,10091.0,2442
2018,SP,books_general_interest,133,132,132,1320455,131,8,1023.9992361110635,600.0,131
2018,SP,books_imported,27,26,26,184151,26,1,139.0194907397963,115.0,26
2018,SP,books_technical,93,92,92,506619,92,6,581.8375925915316,416.0,92
2018,SP,christmas_supplies,31,31,31,151191,31,1,300.26932870270684,127.0,31
2018,SP,cine_photo,25,24,24,173692,24,0,105.61252314876765,108.0,24
2018,SP,computers,20,20,20,2223092,20,1,162.877430556342,85.0,20
2018,SP,computers_accessories,1701,1671,1671,20829629,1670,82,16821.40252313204,6849.5,1666
2018,SP,consoles_games,172,163,163,2316360,163,8,1451.2954398156144,657.0,159
2018,SP,construction_tools_construction,306,303,303,5645551,303,22,2113.268414348364,1292.5,302
2018,SP,construction_tools_lights,106,105,105,1707716,105,2,634.9579166676849,456.0,105
2018,SP,construction_tools_safety,44,42,42,1026164,42,1,312.98406249983236,167.0,42
2018,SP,cool_stuff,552,546,546,8286373,546,28,4419.218101853505,2302.0,543
2018,SP,costruction_tools_garden,58,57,57,574006,57,2,493.1280208346434,259.0,57
2018,SP,costruction_tools_tools,22,22,22,350785,22,1,190.0733912042342,95.0,21
2018,SP,diapers_and_hygiene,18,17,17,98289,17,0,157.96915509086102,69.0,17
2018,SP,drinks,125,124,124,683373,124,8,802.4525462980382,525.0,124
2018,SP,dvds_blu_ray,10,10,10,59256,10,1,96.25582175934687,42.0,10
2018,SP,electronics,646,641,641,3268583,641,20,4946.007488422096,2739.0,638
2018,SP,fashio_female_clothing,6,6,6,55168,6,0,39.24288194440305,26.0,6
2018,SP,fashion_bags_accessories,360,356,356,2752895,356,7,2279.555474534631,1576.5,353
2018,SP,fashion_childrens_clothes,2,2,2,12998,2,0,10.152627314906567,10.0,2
2018,SP,fashion_male_clothing,10,10,10,75770,10,0,79.46944444486871,46.0,10
2018,SP,fashion_shoes,19,19,19,206309,19,0,194.59937500068918,83.0,19
2018,SP,fashion_sport,3,3,3,21970,3,0,16.987685184925795,11.0,3
2018,SP,fashion_underwear_beach,19,18,18,122340,18,2,225.988738426473,78.0,18
2018,SP,fixed_telephony,47,46,46,845332,46,2,395.8734722225927,183.0,46
2018,SP,flowers,8,8,8,32887,8,0,43.62997685279697,34.0,8
2018,SP,food,198,197,197,1162622,197,12,1065.1677314811386,856.0,196
2018,SP,food_drink,63,62,62,360137,62,0,431.0615740735084,292.0,62
2018,SP,furniture_bedroom,31,31,31,624729,31,1,314.4843287044205,139.0,31
2018,SP,furniture_decor,1324,1308,1308,14781130,1308,58,11005.620023149066,5492.0,1300
2018,SP,furniture_living_room,83,83,83,1140306,83,5,848.7155671287328,318.0,83
2018,SP,furniture_mattress_and_upholstery,15,14,14,139540,14,2,143.17670138925314,57.0,14
2018,SP,garden_tools,589,580,580,6978583,580,17,5039.602083335165,2508.5,578
2018,SP,health_beauty,2489,2442,2442,29814840,2442,162,19491.574467584025,10515.0,2430
2018,SP,home_appliances,247,243,243,2587737,243,10,1766.2814583294094,1054.5,241
2018,SP,home_appliances_2,52,52,52,2460279,52,0,473.794849535916,216.0,52
2018,SP,home_comfort_2,3,3,3,8659,3,0,22.481331018730998,9.0,3
2018,SP,home_confort,75,73,73,1093761,73,6,710.9161921301857,303.0,73
2018,SP,home_construction,165,162,162,2620898,162,10,1651.7556018503383,647.0,162
2018,SP,housewares,1642,1615,1615,17515087,1615,77,12084.941296285484,6884.0,1606
2018,SP,industry_commerce_and_business,100,100,100,1429455,99,4,646.388101846911,423.0,99
2018,SP,kitchen_dining_laundry_garden_furniture,77,72,72,1541194,72,2,550.3361689778976,300.0,71
2018,SP,la_cuisine,2,2,2,39200,2,0,14.737685184925795,6.0,2
2018,SP,luggage_accessories,200,197,197,2563823,197,2,1366.3691435158253,863.0,196
2018,SP,market_place,39,39,39,310021,39,2,314.82696759235114,155.0,39
2018,SP,music,9,9,9,162945,9,0,72.06281250016764,37.0,9
2018,SP,musical_instruments,164,163,163,4280751,163,7,1313.3014467637986,711.0,162
2018,SP,office_furniture,291,286,286,6055392,286,20,4761.552268518135,1048.0,284
2018,SP,party_supplies,13,13,13,91089,13,0,71.0083101852797,56.0,13
2018,SP,pc_gamer,2,1,1,43800,1,0,2.8149884259328246,5.0,1
2018,SP,perfumery,707,697,697,7825002,697,51,5883.741284718271,2973.0,696
2018,SP,pet_shop,496,494,494,5924877,494,16,4038.8482060194947,2159.0,491
2018,SP,portateis_cozinha_e_preparadores_de_alimentos,7,7,7,73631,7,1,43.045520833693445,24.0,7
2018,SP,signaling_and_security,51,51,51,667702,51,3,423.23298611165956,206.0,51
2018,SP,small_appliances,151,147,147,3258518,147,4,1026.276446760632,625.0,145
2018,SP,small_appliances_home_oven_and_coffee,32,31,31,1626350,31,1,239.34067129762843,133.0,31
2018,SP,sports_leisure,1832,1798,1798,21143380,1798,87,14946.049293983262,7668.0,1793
2018,SP,stationery,635,622,622,5537145,622,29,5150.849548616447,2737.0,618
2018,SP,tablets_printing_image,13,13,13,84236,13,1,164.03517361031845,59.0,13
2018,SP,telephony,831,815,815,5641166,815,40,6213.126597220544,3290.0,811
2018,SP,toys,662,645,645,7459714,644,34,4665.577812515199,2730.0,639
2018,SP,watches_gifts,1310,1279,1279,24578597,1277,83,11129.816365745384,5288.5,1273
2018,TO,audio,1,1,1,17500,1,1,33.82364583341405,1.0,1
2018,TO,auto,9,9,9,128745,9,0,139.7446296303533,39.0,9
2018,TO,baby,5,5,5,173965,5,2,110.6232870365493,15.0,5
2018,TO,bed_bath_table,7,7,7,74049,7,1,129.2752893511206,26.0,7
2018,TO,books_technical,1,1,1,5600,1,1,28.29648148128763,3.0,1
2018,TO,computers_accessories,9,8,8,77336,8,2,168.74745370447636,38.0,8
2018,TO,consoles_games,3,3,3,32870,3,0,63.43071759259328,13.0,3
2018,TO,construction_tools_lights,2,2,2,27400,2,0,16.927569444756955,10.0,2
2018,TO,cool_stuff,1,1,1,14499,1,0,20.074756944086403,4.0,1
2018,TO,electronics,4,4,4,9058,4,1,63.144027777481824,18.0,4
2018,TO,fashion_bags_accessories,2,2,2,15790,2,0,28.746631944086403,10.0,2
2018,TO,furniture_decor,6,6,6,90219,6,0,80.26445601973683,23.0,6
2018,TO,furniture_living_room,2,2,2,24620,2,0,22.338981481269002,6.0,2
2018,TO,garden_tools,2,2,2,13190,2,0,47.297835648525506,6.0,2
2018,TO,health_beauty,16,16,16,234134,16,4,313.553877315484,59.0,16
2018,TO,home_appliances,1,1,1,14375,1,0,19.022719907574356,4.0,1
2018,TO,home_appliances_2,1,1,1,42999,1,0,13.788287037052214,5.0,1
2018,TO,home_construction,1,1,1,7990,1,0,22.965347222052515,5.0,1
2018,TO,housewares,5,5,5,73659,5,0,59.20684027764946,22.0,5
2018,TO,industry_commerce_and_business,1,1,1,6900,1,0,7.784479166846722,5.0,1
2018,TO,kitchen_dining_laundry_garden_furniture,1,1,1,12900,1,0,17.460312500130385,5.0,1
2018,TO,office_furniture,3,3,3,91964,3,1,58.57026620302349,15.0,3
2018,TO,perfumery,7,7,7,119225,7,0,99.09017361188307,29.0,7
2018,TO,pet_shop,3,3,3,24280,3,0,58.09646990755573,13.0,3
2018,TO,small_appliances_home_oven_and_coffee,1,1,1,199900,1,0,14.404756944160908,5.0,1
2018,TO,sports_leisure,15,15,15,367625,15,2,257.9153935187496,58.0,15
2018,TO,stationery,1,1,1,2990,1,0,29.10644675930962,5.0,1
2018,TO,telephony,11,11,11,100480,11,2,213.10582176037133,45.0,11
2018,TO,toys,8,8,8,121528,8,2,175.421875,30.0,8
2018,TO,watches_gifts,18,17,17,369347,17,3,320.7714236108586,65.0,17
